mu_list,td_list,n_list,idx,m1,m2,a1,a2,Dl_s,z_merge,duration_time,Mean_SNR,z_lens_sbh,z_lens_hh,Signal_1,Signal_2,Signal_3,Signal_4,Signal_5
"[1.5338, -0.315538, 0.00247659]","[0.0, 3126555.0, 3304931.0]","[0.0,0.5,1.0]",459,66095.4,65970.6,0.745669,-0.682927,122538.4267179928,11.3673,61.366214739350745,206.07833137179125,-1.0,0.432,280.4342668729907,0.0,0.0,0.0,0.0
[5.85922],[0.0],[0.0],5506,14120.2,5330.56,-0.0144637,0.362504,69584.32333097766,6.92174,3944.963141937729,51.05531926132347,-1.0,0.723,123.58361613977803,0.0,0.0,0.0,0.0
[3.44774],[0.0],[0.0],2260,93001.0,13287.2,-0.565536,0.32787,143558.0108107387,13.0852,162.1666501742979,63.18281848826616,-1.0,0.559,117.31843175686548,0.0,0.0,0.0,0.0
[3.43047],[0.0],[0.0],4695,74552.7,1305.0,0.737597,0.966134,151382.25496634524,13.7199,1710.4323843797677,31.86737266549478,-1.0,1.323,59.023243557943424,0.0,0.0,0.0,0.0
[3.54028],[0.0],[0.0],5263,22947.2,20201.8,-0.945014,-0.675447,202693.7443249698,17.8324,197.27082682501756,56.337853470196514,1.305,1.305,106.00323072479091,0.0,0.0,0.0,0.0
[3.90136],[0.0],[0.0],2301,86969.4,74819.8,-0.443331,-0.634054,154213.50916536243,13.949,32.070227666550295,196.82044270045284,0.586,0.586,388.756996159031,0.0,0.0,0.0,0.0
"[2.52643, -0.491956, -2.95937, 2.98364, 0.0304314]","[0.0, 1041116.0, 179312.7, 98973.62, 1097277.0]","[0.0,0.5,0.5,0.0,1.0]",2961,49050.9,1100.0,-0.562108,-0.194333,77545.27636432111,7.60472,6574.59434671596,23.987460421852138,-1.0,0.757,71.929700524958,0.0,0.0,0.0,0.0
"[2.19497, -0.25614, 0.0425422]","[0.0, 2915108.0, 2929380.0]","[0.0,0.5,1.0]",7929,27491.1,18665.0,-0.454793,0.690328,83308.29951981013,8.09518,613.1233419393627,99.498344043725,-1.0,1.124,157.12084029009463,0.0,0.0,0.0,0.0
"[4.27652, -0.496784]","[0.0, 10834940.0]","[0.0,0.5]",303,4107.95,2985.4,0.920798,-0.784428,160289.64070176458,14.4397,5688.138723784111,18.96232516936371,-1.0,1.631,41.428683894641914,0.0,0.0,0.0,0.0
"[3.41289, -0.255241, 3.58443e-06]","[0.0, 6466814.0, 9504536.0]","[0.0,0.5,1.0]",6847,262254.0,23069.3,-0.423349,0.707566,147972.59530850945,13.4436,44.07115821331115,61.3639255890454,-1.0,1.047,113.3637699437123,31.002120703029362,0.0,0.0,0.0
"[1.80042, -0.536089, -0.917033, 1.79526, 1.83472e-05]","[132741.7, 2759585.0, 1626901.0, 0.0, 6296172.0]","[0.0,0.5,0.5,0.0,1.0]",811,131089.0,19265.2,-0.144633,-0.286573,154424.9787851365,13.9661,80.48959519409728,88.7184992568702,-1.0,1.418,199.34674349782395,0.0,0.0,0.0,0.0
"[5.47748, -0.634561, 0.0555816]","[0.0, 39029000.0, 39193560.0]","[0.0,0.5,1.0]",8745,141105.0,80648.8,0.842213,0.208836,31411.725797126976,3.51215,150.0392814991415,596.4539907842423,0.654,0.654,1395.9419190481929,495.5030893490686,0.0,0.0,0.0
[4.83357],[0.0],[0.0],3607,29130.3,10130.0,-0.42408,-0.395141,160693.8772218958,14.4723,416.689707431316,52.33901327159686,1.541,1.541,115.06931744660689,0.0,0.0,0.0,0.0
[3.56117],[0.0],[0.0],974,69964.0,27827.8,-0.64343,-0.11273,154591.9425982687,13.9796,90.3460654262113,106.71324415733352,-1.0,2.034,201.3792300413185,0.0,0.0,0.0,0.0
"[2.14037, 2.9407, -2.3682]","[0.0, 1019516.0, 1425166.0]","[0.0,0.0,0.5]",3623,23902.1,1100.0,0.973017,0.81037,151882.49529620117,13.7604,4352.219758014836,23.45200870482693,-1.0,0.285,64.0083901451212,0.0,0.0,0.0,0.0
"[-0.633725, 3.08534, 2.11699e-05]","[11040610.0, 0.0, 15825300.0]","[0.5,0.0,1.0]",8820,77529.4,16352.1,0.0443852,-0.399833,181099.44154129364,16.1111,109.64913549161652,81.70512814789487,-1.0,1.391,143.51616815391054,65.04396228347278,0.0,0.0,0.0
"[2.65551, -2.73235, 3.95359e-05]","[0.0, 18551890.0, 28544300.0]","[0.0,0.5,1.0]",691,47444.5,8571.8,0.806773,0.410417,181524.4602806217,16.1451,286.84209216964604,73.39303163635813,1.601,1.601,170.35879989678568,0.0,0.0,0.0,0.0
"[2.07706, -0.269321, 0.00277306]","[0.0, 2529891.0, 2657765.0]","[0.0,0.5,1.0]",2653,9710.48,5438.59,0.682972,-0.109354,162511.31081715634,14.6188,1668.6580695551431,33.85982247947877,-1.0,1.699,51.89678168635551,0.0,0.0,0.0,0.0
"[-1.48546, 3.07279, 9.65506e-05]","[41294210.0, 0.0, 45783810.0]","[0.5,0.0,1.0]",3374,40971.4,23469.2,-0.92349,-0.915567,210968.6055983347,18.4889,102.669392046106,70.80586564892879,0.683,0.683,124.11825956162039,86.30060316337921,0.0,0.0,0.0
[3.69212],[0.0],[0.0],1924,27461.2,7719.22,-0.733709,-0.161467,137552.80843817518,12.5964,693.6555597016444,46.361498668298616,0.741,0.741,89.08310999066158,0.0,0.0,0.0,0.0
"[-1.75514, 3.49123]","[42264210.0, 0.0]","[0.5,0.0]",6564,14942.6,2017.9,0.604116,-0.522363,202468.41017021835,17.8145,2225.242190171497,22.946036983467604,-1.0,1.364,52.55779627913346,0.0,0.0,0.0,0.0
"[2.0506, -0.3002, 6.06125e-05]","[0.0, 9243806.0, 11050820.0]","[0.0,0.5,1.0]",5046,249030.0,29220.1,0.204605,0.359924,146091.7954812534,13.291,36.99162170835981,121.9500267381436,-1.0,0.67,174.63141635843317,66.82378682594081,0.0,0.0,0.0
"[2.07363, -1.34459, 0.00350602]","[0.0, 4145209.0, 5037453.0]","[0.0,0.5,1.0]",226,34849.2,16581.7,0.0782511,-0.675973,151034.00730857992,13.6917,253.80670312057745,76.62782005609404,-1.0,0.777,141.74543690009418,0.0,0.0,0.0,0.0
"[4.1933, -3.99556, 0.000170796]","[0.0, 196865.7, 435822.8]","[0.0,0.5,1.0]",9581,50433.2,27977.6,0.176537,0.164972,211401.49245423067,18.5232,74.47366341105578,109.2065904677422,-1.0,1.584,312.51085020388473,0.0,0.0,0.0,0.0
"[3.41578, -0.00523163]","[0.0, 26185600.0]","[0.0,0.5]",9413,16252.5,3662.27,-0.0203951,0.465437,124563.49952034694,11.5337,2340.457894198424,35.21737198440278,1.811,1.811,65.13797001442256,0.0,0.0,0.0,0.0
[3.88118],[0.0],[0.0],280,87641.5,15819.9,-0.635893,0.681126,153992.16766902086,13.9311,129.9713435748481,71.28586231811981,-1.0,0.506,140.4382146756914,0.0,0.0,0.0,0.0
"[1.85057, -0.335693, 0.000222247]","[0.0, 3075316.0, 3722122.0]","[0.0,0.5,1.0]",8798,31733.6,2193.6,0.931018,0.653217,205765.61194088537,18.0763,1186.830980293286,32.99202648379966,-1.0,0.746,48.784546022357624,0.0,0.0,0.0,0.0
"[3.64007, 3.34869e-05, -0.0393291]","[0.0, 21370780.0, 20558530.0]","[0.0,1.0,0.5]",5959,5154.56,1890.47,0.272467,-0.211648,148012.05347442985,13.4468,7979.1927725689075,17.305553889357995,0.993,0.993,33.19524889220453,0.0,0.0,0.0,0.0
"[2.8182, -0.353072, 8.66893e-05]","[0.0, 2897861.0, 3460728.0]","[0.0,0.5,1.0]",1047,192567.0,21099.4,-0.400422,0.610488,152332.19166682608,13.7968,57.29335136931823,75.1754020391603,-1.0,1.175,133.87467876372438,0.0,0.0,0.0,0.0
"[-1.66901, 2.61934, 1.79727e-05]","[12811810.0, 0.0, 20499820.0]","[0.5,0.0,1.0]",4789,14928.2,1100.0,-0.492891,0.224094,81019.82055983078,7.90079,13960.23199440454,22.161714239412685,-1.0,1.56,45.89330902520062,0.0,0.0,0.0,0.0
"[2.58635, -0.316288, 6.38285e-06]","[0.0, 8256609.0, 10701470.0]","[0.0,0.5,1.0]",9429,139307.0,52597.6,-0.146889,0.476252,97448.15629561924,9.28659,56.22189735488072,242.45999912774263,-1.0,1.801,389.92739393597174,136.3596377698764,0.0,0.0,0.0
"[1.40472, 7.22446e-05, -0.187963]","[0.0, 5806960.0, 5213177.0]","[0.0,1.0,0.5]",1503,57756.0,1168.01,0.241928,-0.385779,77508.14843399447,7.60155,5552.243366279906,32.06137861832054,-1.0,2.015,40.462872888016314,0.0,0.0,0.0,0.0
"[2.43384, -0.565775, 0.0122689]","[0.0, 39681680.0, 40271700.0]","[0.0,0.5,1.0]",4814,7915.52,4444.74,0.767015,0.779451,162627.97144653532,14.6282,2338.1934366454416,29.587952592110845,1.111,1.111,51.349240886818784,0.0,0.0,0.0,0.0
"[1.37073, 4.39364e-06, -0.204962]","[0.0, 15147120.0, 11522880.0]","[0.0,1.0,0.5]",3192,25557.1,13731.0,-0.501796,0.210791,31479.60813062667,3.51852,2726.412814629106,131.2291075545978,-1.0,1.167,164.72762838771746,0.0,0.0,0.0,0.0
"[-1.34517, 2.37642, 0.00740341]","[13929800.0, 0.0, 15472720.0]","[0.5,0.0,1.0]",2779,20717.5,5828.48,-0.136467,-0.825425,146243.33052686384,13.3033,1018.804120797714,41.126223292372806,0.702,0.702,79.41721206017743,0.0,0.0,0.0,0.0
"[-0.715886, 1.99504, 0.000215761]","[10677060.0, 0.0, 12805620.0]","[0.5,0.0,1.0]",4132,4424.27,1197.44,0.854872,-0.634931,109028.34106915016,10.2516,20648.21351273281,14.96679609761986,-1.0,1.7,24.64364564477652,0.0,0.0,0.0,0.0
"[2.37568, -0.452498, 0.000835386]","[0.0, 16504970.0, 17951190.0]","[0.0,0.5,1.0]",6654,190431.0,106719.0,0.679665,-0.546983,66052.04696610503,6.61643,38.694246559129134,505.8916106841243,-1.0,0.525,779.7429346138182,340.61700781118975,0.0,0.0,0.0
"[3.00535, -2.2959, 0.0021934]","[0.0, 2953978.0, 3626996.0]","[0.0,0.5,1.0]",3843,20120.6,9503.15,0.890776,0.297679,181394.44771151853,16.1347,493.8782579991433,57.0323558555852,0.582,0.582,131.34098852962964,0.0,0.0,0.0,0.0
"[5.66019, -0.511328, 7.08837e-05]","[0.0, 16214250.0, 18075480.0]","[0.0,0.5,1.0]",5793,38761.8,6872.9,-0.756153,-0.970897,169172.33305719605,15.1548,451.6021534346248,35.91909765374321,0.915,0.915,89.2326749234576,0.0,0.0,0.0,0.0
"[1.40579, -0.251161, 8.83503e-05]","[0.0, 9740123.0, 10820710.0]","[0.0,0.5,1.0]",1062,139163.0,11230.9,0.682559,0.347879,143772.11574024186,13.1026,143.62103112445658,104.22625507814578,-1.0,1.976,134.166331324306,0.0,0.0,0.0,0.0
[4.9961],[0.0],[0.0],907,50064.4,18641.8,0.870844,0.297177,115779.66641422416,10.8104,249.0248280143369,126.66639157658076,-1.0,0.505,283.12417896324894,0.0,0.0,0.0,0.0
"[1.99453, -0.238125, 0.086133]","[0.0, 18421530.0, 18424830.0]","[0.0,0.5,1.0]",7737,7662.99,1100.0,0.143349,-0.509614,72724.27920252152,7.19193,25536.51511820694,19.81083296154769,0.59,0.59,30.167078836871344,0.0,0.0,0.0,0.0
"[-0.401388, 1.86904, 2.17714e-06]","[3165794.0, 0.0, 4913633.0]","[0.5,0.0,1.0]",8726,38504.0,22300.5,0.410268,0.721966,82495.70403514845,8.02621,406.7781661835221,133.70283416611932,-1.0,0.637,201.46271786763768,0.0,0.0,0.0,0.0
"[4.25662, -2.47363]","[0.0, 23405690.0]","[0.0,0.5]",4824,74546.1,3537.09,0.557124,0.764095,222315.4790963472,19.3866,370.2741424414733,38.14091994191976,1.031,1.031,98.94794116893353,0.0,0.0,0.0,0.0
[3.39057],[0.0],[0.0],1346,30624.5,1695.95,0.218357,0.837947,60993.98539972693,6.17651,7983.624416902037,39.33423561974229,1.594,1.594,72.428096654257,0.0,0.0,0.0,0.0
[4.24705],[0.0],[0.0],8836,5102.8,2211.54,-0.616215,-0.849579,139821.02308471865,12.7812,7547.2512761753715,18.13698931545546,-1.0,1.871,37.377382431730055,0.0,0.0,0.0,0.0
"[6.21856, -7.72511, -0.864301, 4.95612]","[534929.1, 1306110.0, 14818180.0, 0.0]","[0.0,0.5,0.5,0.0]",2429,2349.38,2348.01,-0.441996,0.365344,154815.81729344872,13.9977,11569.20235243142,13.863829216275006,1.953,1.953,61.63417998154953,0.0,0.0,0.0,0.0
"[3.02736, -0.788051]","[0.0, 9550164.0]","[0.0,0.5]",1938,40706.1,4858.48,0.563659,-0.113008,202318.6155897689,17.8026,472.1206158320091,45.13560391184715,-1.0,1.96,88.16372300161117,0.0,0.0,0.0,0.0
"[-0.539751, 1.71382, 0.00801567]","[1607898.0, 0.0, 1652549.0]","[0.5,0.0,1.0]",19,50120.2,42802.5,-0.372882,-0.702953,202307.2868666036,17.8017,55.19026830068076,114.93369011617852,-1.0,2.022,172.84386474098517,0.0,0.0,0.0,0.0
[3.01509],[0.0],[0.0],7351,76944.6,1100.0,0.838811,-0.227424,122422.88826778626,11.3578,2656.668405844552,34.42466136828515,-1.0,1.663,59.775031959640614,0.0,0.0,0.0,0.0
"[1.95925, -0.210686, 1.79279e-06]","[0.0, 26454770.0, 35725530.0]","[0.0,0.5,1.0]",203,89949.6,29031.0,-0.465424,-0.783452,181500.70753488663,16.1432,57.42079520951371,105.83229048314256,-1.0,1.783,148.13685602907375,48.57759775693985,0.14170425985337792,0.0,0.0
"[2.79925, -0.44625]","[0.0, 12724600.0]","[0.0,0.5]",1246,26554.6,1100.0,-0.602811,0.966163,169214.6425738957,15.1582,3484.270099312399,15.07804959858572,-1.0,1.836,27.16351541881034,0.0,0.0,0.0,0.0
[4.70933],[0.0],[0.0],3955,17243.9,3135.26,-0.10001,-0.727063,162395.89682807212,14.6095,1801.1480180792807,28.614755138639257,-1.0,2.091,62.09685368859492,0.0,0.0,0.0,0.0
[3.6191],[0.0],[0.0],1907,60929.4,43203.3,-0.100839,0.183453,172960.5489676697,15.459,58.31977243545032,146.9640105539209,0.64,0.64,279.5833386715637,0.0,0.0,0.0,0.0
"[-0.402837, 2.77895, 0.000146292]","[5555233.0, 0.0, 7055033.0]","[0.5,0.0,1.0]",973,6291.15,1100.0,0.380529,-0.0447933,104079.70575341568,9.84028,18425.7835211232,16.377010667252822,-1.0,0.769,29.213269634467903,0.0,0.0,0.0,0.0
"[3.20979, -1.62818, 1.13205e-05]","[0.0, 1788220.0, 3244005.0]","[0.0,0.5,1.0]",3027,74074.7,8106.35,0.406373,-0.783482,145531.33545247832,13.2455,300.5964880310135,66.70189350302012,-1.0,1.174,146.71356030028767,0.0,0.0,0.0,0.0
"[3.40267, -0.571672, 0.0518041]","[0.0, 1803698.0, 1823623.0]","[0.0,0.5,1.0]",230,128360.0,118147.0,0.119253,0.0149727,205359.8973239713,18.0441,10.55406876473015,233.00352269291707,-1.0,1.496,429.80592993802185,183.98075302420375,0.0,0.0,0.0
[5.15284],[0.0],[0.0],1154,92913.1,41360.1,0.45478,-0.313045,205283.04388616767,18.038,34.103130248366725,165.16785105723437,1.54,1.54,374.9288390585318,0.0,0.0,0.0,0.0
[3.56004],[0.0],[0.0],5935,51142.9,30435.5,-0.085544,-0.485787,72772.83920169428,7.1961,290.66086674864204,149.85391078690435,0.394,0.394,282.74538182952534,0.0,0.0,0.0,0.0
[3.26121],[0.0],[0.0],9889,37680.4,11928.9,0.0877428,-0.968121,191903.10573641345,16.9738,230.37616653022465,59.44803652507895,0.762,0.762,107.35614242206408,0.0,0.0,0.0,0.0
"[1.81667, -0.21803, 0.000231721]","[0.0, 4545522.0, 5334605.0]","[0.0,0.5,1.0]",9414,99817.6,86914.4,-0.81793,-0.285911,212142.44689189183,18.5819,16.07517212309167,173.55365284698942,-1.0,1.047,233.92238383618525,81.0816441318906,0.0,0.0,0.0
[11.3994],[0.0],[0.0],5565,5181.5,3536.15,-0.820088,-0.20148,57148.05809444859,5.83965,15841.733148047942,31.81386490038592,-1.0,2.543,107.41314410099046,0.0,0.0,0.0,0.0
"[-1.69979, 5.45687, 0.00966117]","[28722020.0, 0.0, 31300240.0]","[0.5,0.0,1.0]",9101,18000.5,1100.0,0.272613,-0.250392,29263.997021200623,3.30972,41111.95055084911,38.73941147822405,0.619,0.619,103.70534787242903,0.0,0.0,0.0,0.0
"[-0.479313, 4.02957, 0.0382957]","[236506.8, 0.0, 241711.9]","[0.5,0.0,1.0]",1074,7285.88,4819.41,0.167293,-0.568814,43861.021160446144,4.65682,12655.348324117478,46.71937190777824,-1.0,1.082,99.62492477505202,0.0,0.0,0.0,0.0
"[1.76743, -0.345, 3.05679e-06]","[0.0, 11271130.0, 15058960.0]","[0.0,0.5,1.0]",8697,4187.95,2838.42,-0.987875,-0.342164,162881.16927887863,14.6486,5720.296396081534,17.746344298763898,-1.0,1.184,25.79291224598175,0.0,0.0,0.0,0.0
"[1.88885, -0.550749, 0.000195472]","[0.0, 18747880.0, 21308370.0]","[0.0,0.5,1.0]",4132,4424.27,1197.44,0.854872,-0.634931,109028.34106915016,10.2516,20648.21351273281,14.96679609761986,-1.0,2.588,23.377898219194424,0.0,0.0,0.0,0.0
"[2.11548, -0.234025, 0.00530798]","[0.0, 11009240.0, 11138280.0]","[0.0,0.5,1.0]",3944,255670.0,54517.3,-0.214253,-0.925523,151986.26318998524,13.7688,18.94170426924696,132.36359570489543,0.606,0.606,192.5187434069069,64.75448155055699,0.0,0.0,0.0
"[1.67704, 0.00293504, -0.180037]","[0.0, 1787302.0, 1732327.0]","[0.0,1.0,0.5]",1656,121544.0,53235.1,0.15067,0.787329,169233.30876078844,15.1597,29.05811624935949,216.58917812893583,-1.0,0.622,295.38921253234037,0.0,0.0,0.0,0.0
"[4.16894, 0.0132758, -0.0672898]","[0.0, 16664990.0, 16643350.0]","[0.0,1.0,0.5]",459,66095.4,65970.6,0.745669,-0.682927,122538.4267179928,11.3673,61.366214739350745,206.07833137179125,-1.0,0.79,420.7703716291268,58.493438531934466,0.0,0.0,0.0
"[2.61086, -0.68202, 0.00132467]","[0.0, 59212310.0, 62094730.0]","[0.0,0.5,1.0]",7560,85910.6,40644.7,-0.243302,0.00856636,178805.4600765109,15.9275,44.76748905149216,146.6281763151687,-1.0,0.535,236.92409227561436,121.20968950878648,0.0,0.0,0.0
"[-0.654021, 2.07782, 0.00853524]","[765236.1, 0.0, 827501.1]","[0.5,0.0,1.0]",9722,90799.4,7336.6,0.347392,-0.115323,183993.3338035649,16.3425,207.08558783738624,54.22491447953272,-1.0,1.007,89.76436694973272,0.0,0.0,0.0,0.0
"[1.74484, 8.67603e-07, -0.213985]","[0.0, 10015140.0, 7725072.0]","[0.0,1.0,0.5]",9429,139307.0,52597.6,-0.146889,0.476252,97448.15629561924,9.28659,56.22189735488072,242.45999912774263,1.262,1.262,320.27121226816536,112.1586169349646,0.0,0.0,0.0
"[1.72212, -0.430028, 0.000428131]","[0.0, 2482320.0, 2701892.0]","[0.0,0.5,1.0]",5741,20598.5,2860.73,-0.960187,0.276467,103830.07009273444,9.81949,3190.2585068096814,31.13952839718572,0.661,0.661,45.686857951213156,0.0,0.0,0.0,0.0
[3.31505],[0.0],[0.0],2469,7241.08,3987.46,-0.841894,0.580234,82153.4142082157,7.99714,6925.951517403464,32.75523052858882,1.118,1.118,59.63836132220899,0.0,0.0,0.0,0.0
"[1.72312, -0.266555, 0.00183484]","[0.0, 2893651.0, 3029658.0]","[0.0,0.5,1.0]",6925,153240.0,18010.4,0.584302,-0.411608,198066.83346566823,17.4646,54.16750366543383,107.43663477048123,0.467,0.467,151.6155077883649,0.0,0.0,0.0,0.0
"[1.96822, -0.38065, 3.75121e-05]","[0.0, 5758422.0, 8383575.0]","[0.0,0.5,1.0]",1904,37572.4,10410.1,0.167999,0.430729,143630.60707049837,13.0911,392.79698578339975,69.09926277299154,-1.0,0.636,105.9025389743758,0.0,0.0,0.0,0.0
"[5.4478, -1.05424, -5.44796, 5.46709, 7.52165e-05]","[686504.2, 9390721.0, 2082295.0, 0.0, 13141210.0]","[0.0,0.5,0.5,0.0,1.0]",9772,10181.3,8122.52,-0.663284,-0.251889,124139.78046829112,11.4989,1645.427502908706,40.96325045504405,0.698,0.698,170.95552718131577,0.0,0.0,0.0,0.0
"[9.40089, -0.606629, 0.00243491]","[0.0, 33205070.0, 34921660.0]","[0.0,0.5,1.0]",2975,67979.1,10393.3,0.163026,-0.0128207,211520.13556847032,18.5326,148.58723196217895,59.766847057195015,-1.0,1.301,183.2503577484445,46.64356954325992,0.0,0.0,0.0
"[-0.57891, 5.01086]","[3764762.0, 0.0]","[0.5,0.0]",638,139451.0,15885.8,-0.514339,0.078823,109097.04574108517,10.2573,149.13142394650106,77.8666904562136,-1.0,1.317,184.09783688792805,0.0,0.0,0.0,0.0
"[-1.43902, 2.01024, 0.000111655]","[15608720.0, 0.0, 19156380.0]","[0.5,0.0,1.0]",1826,10076.6,1100.0,-0.153385,-0.14714,122795.07311179632,11.3884,10570.201814458102,17.311518713596026,-1.0,2.204,32.15179059876522,0.0,0.0,0.0,0.0
"[2.52716, -0.302272, 0.0471449]","[0.0, 5519179.0, 5549349.0]","[0.0,0.5,1.0]",3320,20064.7,12003.9,-0.444162,-0.211828,53612.57868772541,5.52799,2010.7176364321551,87.60242115241927,-1.0,0.571,148.57786164963733,0.0,0.0,0.0,0.0
"[-1.24741, 1.90834, 0.00590817]","[445607.4, 0.0, 516055.0]","[0.5,0.0,1.0]",9185,16266.8,13035.0,0.634559,-0.743024,145530.10383975663,13.2454,603.6765527977943,57.947728419272096,-1.0,0.837,103.03715833419037,0.0,0.0,0.0,0.0
"[-2.84009, 3.89263, 0.00103154]","[22590930.0, 0.0, 30176690.0]","[0.5,0.0,1.0]",6587,45559.8,1483.76,0.187902,0.165396,77302.39252520612,7.58398,5157.636091400633,34.91405813067486,-1.0,0.845,90.60014121610179,0.0,0.0,0.0,0.0
"[-0.458174, 1.74604]","[34220270.0, 0.0]","[0.5,0.0]",166,50211.1,26368.7,-0.865573,-0.293757,139552.08582233,12.7593,141.09572776693878,95.12801628401785,-1.0,1.771,64.39077626404665,125.70007442075122,0.0,0.0,0.0
"[2.77949, -3.68206, 6.49572e-05]","[0.0, 5622281.0, 8661401.0]","[0.0,0.5,1.0]",2433,3597.16,1327.96,0.135995,-0.842938,137625.1829887089,12.6023,15971.748658527771,13.248683895127304,2.341,2.341,33.677766060089745,0.0,0.0,0.0,0.0
"[3.41691, -0.189968, 0.000134911]","[0.0, 20922510.0, 21927560.0]","[0.0,0.5,1.0]",9709,81453.2,5916.64,0.0409907,0.366722,211271.4945325814,18.5129,226.241147632521,36.595299205721965,1.054,1.054,67.64599236263425,15.95584048559179,0.0,0.0,0.0
"[3.85342, -0.584474, 0.00010755]","[0.0, 2792297.0, 4319794.0]","[0.0,0.5,1.0]",6459,137331.0,14903.3,0.246948,-0.177942,64954.68062830821,6.52127,314.0418396073311,138.05412282961677,-1.0,1.4,290.83261327786056,0.0,0.0,0.0,0.0
"[2.2182, -0.923269, 7.94471e-06]","[0.0, 2034014.0, 5042306.0]","[0.0,0.5,1.0]",6929,10195.3,1481.73,0.651273,0.33369,191487.861891606,16.9407,4245.426584762335,18.23093031371729,-1.0,1.536,32.31288756118967,0.0,0.0,0.0,0.0
"[-1.81223, 4.68164, 0.00782458]","[22132.09, 0.0, 33315.24]","[0.5,0.0,1.0]",8487,8045.93,5620.52,0.946739,0.410577,49342.967204509296,5.1488,8904.182673268186,50.45375189104447,-1.0,1.737,128.6490991419152,0.0,0.0,0.0,0.0
"[2.21349, -0.262559, 1.005e-05]","[0.0, 20510950.0, 25114130.0]","[0.0,0.5,1.0]",2757,108999.0,4865.55,0.298274,0.374299,173841.76912669852,15.5297,296.0839928337083,40.07137672680446,-1.0,1.933,63.05430781359396,0.0,0.0,0.0,0.0
"[-0.412818, 2.28321, 0.000337471]","[26876890.0, 0.0, 28387690.0]","[0.5,0.0,1.0]",5020,9497.02,1115.37,0.451276,-0.598285,88841.27028304395,8.56328,16735.247329558635,19.97408527285039,-1.0,0.64,32.79867339066337,0.0,0.0,0.0,0.0
"[3.6111, -1.25826, 2.09294e-05]","[0.0, 7358317.0, 13546200.0]","[0.0,0.5,1.0]",2165,288256.0,61268.2,0.324514,0.19683,109123.5642473476,10.2595,24.469736838776,272.16610094207806,-1.0,1.065,517.1943707131978,305.29467332402544,1.245123473738745,0.0,0.0
"[1.79313, -0.374362, 0.000597125]","[0.0, 4581673.0, 5133472.0]","[0.0,0.5,1.0]",4376,35984.9,15388.2,0.699782,-0.388828,172950.5792828105,15.4582,219.1125514802789,82.74527003874766,0.587,0.587,121.83771435285735,0.0,0.0,0.0,0.0
"[-0.482484, 1.48432, 0.00553168]","[2569463.0, 0.0, 2700527.0]","[0.5,0.0,1.0]",6923,56694.8,13974.1,-0.45243,0.369394,122336.5438564047,11.3507,274.8459923525264,77.02493742553811,-1.0,0.642,108.1737212047671,0.0,0.0,0.0,0.0
[4.76699],[0.0],[0.0],9122,32751.9,11567.2,-0.915768,0.451353,169228.3310975642,15.1593,314.3398659738547,52.69417629427475,0.996,0.996,115.04950131020125,0.0,0.0,0.0,0.0
"[4.20134, -0.805525]","[0.0, 22846450.0]","[0.0,0.5]",1456,40116.7,4809.42,-0.112614,-0.466545,205561.488503717,18.0601,470.87618266193147,33.100636909652735,-1.0,1.784,74.06606828520049,0.0,0.0,0.0,0.0
"[-0.817249, 2.76911, 3.27653e-06]","[6785357.0, 0.0, 9365008.0]","[0.5,0.0,1.0]",4339,62844.9,31296.4,-0.638718,0.325816,181383.19690691825,16.1338,70.58631287228322,112.16976450960138,-1.0,1.943,186.65770084404178,101.40371771660817,0.0,0.0,0.0
[3.01986],[0.0],[0.0],4077,88307.4,27057.4,-0.219908,0.684227,178997.80161033824,15.9429,63.343131971215854,116.9127784700743,0.858,0.858,203.1680379894488,0.0,0.0,0.0,0.0
"[2.36106, -0.510258]","[0.0, 9946066.0]","[0.0,0.5]",2224,258366.0,83634.6,-0.840884,0.185156,98757.3977858117,9.39614,22.687238438015257,241.8439437412318,-1.0,1.014,371.61114296545026,172.75480174115347,0.0,0.0,0.0
"[8.74109, 1.14057e-05, -0.0462331]","[0.0, 104081900.0, 97675290.0]","[0.0,1.0,0.5]",1167,79259.8,13400.2,0.386515,0.724986,115714.27486315327,10.805,241.94268452392055,105.66263548787008,-1.0,1.135,312.3951155029575,22.722259202661448,0.0,0.0,0.0
"[2.00995, -0.320433]","[0.0, 55081050.0]","[0.0,0.5]",5020,9497.02,1115.37,0.451276,-0.598285,88841.27028304395,8.56328,16735.247329558635,19.97408527285039,1.217,1.217,30.491623693049426,0.0,0.0,0.0,0.0
[3.05667],[0.0],[0.0],1257,73223.1,72210.2,0.479779,0.296064,137192.20339535418,12.567,44.781985831059245,240.106638567901,-1.0,0.109,419.7864779113753,0.0,0.0,0.0,0.0
"[-1.48186, 2.8145, 0.0114638]","[922534.3, 0.0, 1089190.0]","[0.5,0.0,1.0]",9429,139307.0,52597.6,-0.146889,0.476252,97448.15629561924,9.28659,56.22189735488072,242.45999912774263,-1.0,0.888,503.23294469603843,0.0,0.0,0.0,0.0
"[3.62131, -0.032554, 0.00854545]","[0.0, 63391100.0, 63411860.0]","[0.0,0.5,1.0]",1841,13118.2,7327.88,-0.305447,0.383884,60907.40603061754,6.16895,3709.399432262466,59.925296586913184,-1.0,1.823,114.68157271383028,0.0,0.0,0.0,0.0
"[-6.04716, 4.33492, 0.000904557]","[30081190.0, 0.0, 37431440.0]","[0.5,0.0,1.0]",1822,287197.0,1876.2,0.883072,-0.820712,103815.30239374474,9.81826,805.2847797698686,60.30267833116122,0.573,0.573,194.31114267153322,0.0,0.0,0.0,0.0
"[1.50224, -0.184546, 0.0105627]","[0.0, 8389969.0, 8450012.0]","[0.0,0.5,1.0]",139,11748.9,6111.01,0.375819,-0.0891398,137464.4906779532,12.5892,1635.2024489566552,39.62255590398888,-1.0,0.632,51.6211913026777,0.0,0.0,0.0,0.0
"[2.77394, -0.389967, 0.0336633]","[0.0, 761377.4, 777764.9]","[0.0,0.5,1.0]",1447,17504.8,1100.0,0.190581,-0.86341,216949.16964985148,18.9624,3255.978250468015,15.958400570849426,-1.0,0.899,28.536415035225243,0.0,0.0,0.0,0.0
"[2.57626, -0.289467, 1.24247e-05]","[0.0, 1538100.0, 1766744.0]","[0.0,0.5,1.0]",5822,57665.7,12695.3,0.306073,-0.341034,181500.70753488663,16.1432,171.95420058962293,74.98372409988869,1.193,1.193,126.9361597410004,0.0,0.0,0.0,0.0
"[2.10471, -0.304779, 0.0001772]","[0.0, 19013690.0, 20524860.0]","[0.0,0.5,1.0]",51,158737.0,19264.5,0.875769,0.702944,171526.5512275996,15.3439,60.69881875707779,166.66229216657462,-1.0,1.323,241.78729844413527,92.03565007330738,0.0,0.0,0.0
"[7.14756, -0.135122, 0.00195055]","[0.0, 1263102.0, 1342395.0]","[0.0,0.5,1.0]",6129,127384.0,1100.0,0.992431,-0.371308,94847.50371432524,9.06862,2665.8471361772163,49.10127329406121,-1.0,0.767,132.52462360538686,0.0,0.0,0.0,0.0
"[2.40782, -1.02693, 0.000252828]","[0.0, 4231616.0, 5988372.0]","[0.0,0.5,1.0]",3392,56664.0,55120.4,0.0638336,0.391773,154024.3164677328,13.9337,59.18385669513912,175.96103910907863,-1.0,0.865,326.1219777676435,0.0,0.0,0.0,0.0
"[3.05009, -0.159049, 0.000998891]","[0.0, 14632370.0, 14894260.0]","[0.0,0.5,1.0]",5057,72867.8,49463.4,0.744592,0.6408,87531.34310925909,8.45269,113.27117500658564,255.23372920692063,1.35,1.35,445.75312156388304,102.10876978775477,0.0,0.0,0.0
"[-1.00025, 2.13949, -6.3633, 7.94253, 0.000146559]","[670179.5, 0.0, 575870.9, 574266.3, 948894.0]","[0.5,0.0,0.5,0.0,1.0]",2605,50070.2,1974.45,0.409302,-0.888725,137891.39775611085,12.624,1689.0033209426094,32.144224672200224,-1.0,2.512,134.26022201918147,0.0,0.0,0.0,0.0
"[1.51648, -0.183634]","[0.0, 10792770.0]","[0.0,0.5]",1221,34436.8,29979.7,0.408969,-0.529998,98713.51412798218,9.39247,272.6823489980515,121.1100658691228,-1.0,1.596,157.91350102216657,0.0,0.0,0.0,0.0
"[1.37513, -0.355088, 0.00327903]","[0.0, 24008740.0, 24295590.0]","[0.0,0.5,1.0]",3734,20083.2,17016.2,0.255809,-0.589155,171565.1628890495,15.347,322.1594070903107,63.14319005054068,0.551,0.551,83.13579803599188,0.0,0.0,0.0,0.0
"[1.80706, 0.000135208, -0.182012]","[0.0, 11014990.0, 9586953.0]","[0.0,1.0,0.5]",3025,375931.0,2332.42,-0.959448,-0.37507,77299.23103499587,7.58371,795.8905537805638,11.476880329337185,-1.0,0.741,16.18690676967717,0.0,0.0,0.0,0.0
"[-0.000167207, 2.19773e-05]","[0.0, 17137.64]","[0.5,1.0]",4405,16250.0,3954.92,-0.846324,-0.82824,184025.86619402404,16.3451,1267.3923123004188,26.23202983335307,-1.0,2.149,0.36080657554713913,0.0,0.0,0.0,0.0
"[15.8357, -0.205492, 0.00641982]","[0.0, 6906324.0, 7121542.0]","[0.0,0.5,1.0]",5484,46201.7,4753.14,-0.547448,-0.0520687,171708.4047160018,15.3585,556.6111449422724,30.13402682561095,-1.0,1.015,120.7153160645002,0.0,0.0,0.0,0.0
"[3.82025, -0.0675955]","[0.0, 23595970.0]","[0.0,0.5]",2307,56366.2,12285.3,0.716023,-0.586359,115584.71114272064,10.7943,336.30021061549604,99.3769634116733,1.081,1.081,195.94772303750358,0.0,0.0,0.0,0.0
"[2.09263, -1.26773, 3.76701e-06]","[0.0, 19050660.0, 27961500.0]","[0.0,0.5,1.0]",7410,277393.0,70729.5,0.890537,0.0200969,189159.2910952431,16.755,10.25808022442855,303.6808930647419,-1.0,1.172,439.3025168848791,341.9249970088124,0.5894077669236377,0.0,0.0
[3.14105],[0.0],[0.0],370,9269.29,5238.69,0.787072,0.306757,214068.14505823428,18.7344,1211.3551754942146,30.62186252318426,-1.0,1.228,54.27115036157267,0.0,0.0,0.0,0.0
"[-0.920722, 1.95748, 4.72683e-05]","[2675485.0, 0.0, 3408124.0]","[0.5,0.0,1.0]",7486,107116.0,30154.2,0.774902,-0.642189,191614.56168990355,16.9508,45.08471665785152,163.13885407792253,-1.0,1.544,276.7716538425225,0.0,0.0,0.0,0.0
[5.65287],[0.0],[0.0],794,1653.76,1494.67,0.550072,-0.336447,162783.11402070688,14.6407,21068.42657346059,9.901980000884494,-1.0,1.793,23.54271492576865,0.0,0.0,0.0,0.0
"[1.85162, -0.241484, 1.67819e-06]","[0.0, 8082111.0, 12402790.0]","[0.0,0.5,1.0]",2122,33229.2,4879.87,0.163233,-0.436898,49367.4077102079,5.15098,3493.166471937999,73.06743410850184,-1.0,1.943,105.7108182620262,0.0,0.0,0.0,0.0
[3.24726],[0.0],[0.0],1551,15816.8,10162.4,-0.92436,0.947761,194673.25973892948,17.1945,508.8267115610255,44.196979213398784,2.837,2.837,79.64364328509876,0.0,0.0,0.0,0.0
"[1.97652, -0.248338, 0.0171513]","[0.0, 49281010.0, 49399930.0]","[0.0,0.5,1.0]",2552,73743.8,65583.7,-0.631987,-0.844493,115502.37740899042,10.7875,61.01442368280888,183.51000004557744,-1.0,0.509,257.99443720575624,94.55472732045706,0.0,0.0,0.0
"[2.08803, -0.731887, 0.125547]","[0.0, 2390145.0, 2401922.0]","[0.0,0.5,1.0]",2115,173800.0,106787.0,-0.386753,0.643832,102619.5623950246,9.71862,23.51049789320849,367.4949963308315,-1.0,0.889,531.0309055021628,340.29203238050695,0.0,0.0,0.0
[3.61084],[0.0],[0.0],6176,3995.29,1100.0,0.391832,-0.434743,189220.7110128366,16.7599,11257.102615307393,11.466257156599788,1.374,1.374,21.788423096430776,0.0,0.0,0.0,0.0
"[1.50436, -0.187521, 5.0531e-06]","[0.0, 40335790.0, 45291030.0]","[0.0,0.5,1.0]",3889,96477.4,12693.0,0.198386,0.587864,139751.0221383259,12.7755,171.33975883971377,85.17831493038447,-1.0,1.894,104.4732085619444,36.88585466589782,0.0,0.0,0.0
"[3.27609, -0.226859, 0.0207977]","[0.0, 1406463.0, 1419636.0]","[0.0,0.5,1.0]",2782,68535.2,10396.6,-0.379919,0.674615,222209.13992322967,19.3782,137.6102468467111,48.16545725246565,-1.0,1.064,90.41448827592671,0.0,0.0,0.0,0.0
[3.29917],[0.0],[0.0],4537,18694.1,5035.65,0.331312,-0.119971,130037.55070326952,11.9825,1479.5120121675884,42.89183262292671,-1.0,1.105,77.90708408265355,0.0,0.0,0.0,0.0
"[2.25414, -0.663463, 1.95987e-05]","[0.0, 3134199.0, 5111319.0]","[0.0,0.5,1.0]",8048,48244.2,23761.2,0.31699,-0.169058,191841.6310097034,16.9689,102.31722511043442,101.45840527836889,-1.0,1.126,173.3016066060377,0.0,0.0,0.0,0.0
"[3.12528, 4.36378e-06, -0.152481]","[0.0, 10295210.0, 7614453.0]","[0.0,1.0,0.5]",5228,18182.8,1100.0,0.641213,-0.958763,191765.1029869554,16.9628,3782.314754982678,18.545717176526768,-1.0,2.022,33.576278874489,0.0,0.0,0.0,0.0
"[3.02049, -0.438421]","[0.0, 5508878.0]","[0.0,0.5]",7485,14375.5,7512.94,0.40575,-0.419414,122477.61598121304,11.3623,1362.024479956662,47.9120149346303,2.987,2.987,89.10747331011748,0.0,0.0,0.0,0.0
"[2.70618, -0.334051, 9.0102e-05]","[0.0, 4548586.0, 5401254.0]","[0.0,0.5,1.0]",8936,37737.0,19392.9,0.498344,-0.193729,153950.12763160106,13.9277,202.11099474348055,94.39738095317394,-1.0,1.127,164.59614974364484,0.0,0.0,0.0,0.0
"[1.57437, -0.942855, 3.02573e-05]","[0.0, 4914393.0, 6691560.0]","[0.0,0.5,1.0]",114,19447.6,14687.8,-0.957351,0.645709,178720.53432900613,15.9207,353.9346319430086,56.00075776893368,-1.0,1.435,88.85002041696693,0.0,0.0,0.0,0.0
"[1.57262, -0.359521]","[0.0, 9806158.0]","[0.0,0.5]",8897,19794.2,11512.3,-0.447564,-0.936171,169148.68981021718,15.1529,465.7325142012912,48.44545329512565,-1.0,1.661,67.33989455973827,0.0,0.0,0.0,0.0
"[3.05707, -0.5875, 0.0117397]","[0.0, 561224.2, 582888.1]","[0.0,0.5,1.0]",6014,143683.0,15236.9,0.640193,-0.44625,181559.4646930707,16.1479,75.36853279910703,105.68483354994488,-1.0,1.707,202.0850355334932,0.0,0.0,0.0,0.0
[3.05814],[0.0],[0.0],678,189908.0,97693.6,-0.742121,0.804713,154198.66994309853,13.9478,13.60575080390818,223.58453542199047,0.738,0.738,390.9943153367596,0.0,0.0,0.0,0.0
"[1.47949, 0.011049, -0.166988]","[0.0, 20533360.0, 20393610.0]","[0.0,1.0,0.5]",3815,50876.9,1730.41,0.0681725,0.29483,145825.71198649207,13.2694,1762.1383397139089,24.90553865656652,-1.0,1.211,32.06463088300038,0.0,0.0,0.0,0.0
"[-1.76917, 2.06096]","[9665110.0, 0.0]","[0.5,0.0]",264,48555.3,21147.7,-0.70261,0.237792,145393.39940506004,13.2343,166.61664987353575,87.446303292837,-1.0,1.921,171.13869351048874,0.0,0.0,0.0,0.0
"[-0.994124, 2.07276, 8.66872e-05]","[1393375.0, 0.0, 1984698.0]","[0.5,0.0,1.0]",2979,19687.4,1381.64,-0.722915,0.513557,143492.79944384223,13.0799,4298.766630131892,18.73444385686924,-1.0,2.044,32.80919826198054,0.0,0.0,0.0,0.0
"[2.92458, -0.842228, 8.52831e-05]","[0.0, 13209490.0, 17132780.0]","[0.0,0.5,1.0]",2532,114024.0,10838.3,0.365611,-0.952661,110703.53230334126,10.3905,243.75176331100133,88.45730261924635,-1.0,2.35,171.68223183389867,0.0,0.0,0.0,0.0
"[1.96686, 0.00656141, -0.199009]","[0.0, 3549596.0, 3448634.0]","[0.0,1.0,0.5]",637,31354.8,6576.0,-0.833869,0.496436,66023.195217857,6.61393,1922.03626347428,64.33732982952962,-1.0,0.663,94.8278642462822,0.0,0.0,0.0,0.0
"[4.83697, 0.0008034, -0.0904403]","[0.0, 31089050.0, 30455410.0]","[0.0,1.0,0.5]",7565,7983.72,1174.43,-0.967082,-0.120659,194277.72943020528,17.163,6179.730947892294,13.12874023708614,1.386,1.386,29.145252446281454,0.0,0.0,0.0,0.0
"[-5.14812, 5.41871, -2.45917, 7.70533, 0.00654427]","[3796.458, 0.0, 9105.886, 2972.195, 19554.71]","[0.5,0.0,0.5,0.0,1.0]",791,3627.91,1725.88,0.504886,-0.813981,56327.58177493862,5.7675,40106.83942822014,20.845031621542848,-1.0,2.071,94.92588981835259,0.0,0.0,0.0,0.0
[3.88699],[0.0],[0.0],3306,113367.0,113334.0,0.612057,-0.593091,102701.73071446296,9.72547,31.607959493754887,340.8437233422706,0.821,0.821,671.9887655906354,0.0,0.0,0.0,0.0
[3.05465],[0.0],[0.0],7093,152357.0,52064.6,0.837289,0.392741,156670.74932610514,14.1476,27.810514543375437,289.4984975183231,-1.0,0.948,505.9726502654782,0.0,0.0,0.0,0.0
"[3.43559, -0.0143467, 8.13199e-06]","[0.0, 39872480.0, 41683150.0]","[0.0,0.5,1.0]",2898,74087.4,3145.36,0.0447512,0.147772,199838.5661004569,17.6055,486.1627597942293,25.044598108669646,-1.0,1.399,46.51790443076799,0.0,0.0,0.0,0.0
"[2.36721, -0.434852, 1.82914e-05]","[0.0, 12365850.0, 14756780.0]","[0.0,0.5,1.0]",6058,6122.56,5051.45,0.404418,-0.490297,171571.39063019835,15.3475,2386.0544254286574,26.33533049318916,-1.0,1.177,44.08380377706427,0.0,0.0,0.0,0.0
"[3.4283, -4.08885, 1.32561]","[0.0, 503215.5, 504028.6]","[0.0,0.5,1.0]",3470,14690.6,5125.41,-0.572702,0.893363,137891.39775611085,12.624,1607.3403872788576,37.01014432661119,1.263,1.263,110.05624668576678,0.0,0.0,0.0,0.0
"[2.27206, -0.732024, 2.37912e-06]","[0.0, 25177820.0, 33624760.0]","[0.0,0.5,1.0]",4493,14331.2,8149.36,0.408503,-0.056231,122309.79018432762,11.3485,1273.16371513589,50.21918524709622,-1.0,1.325,87.04140056413814,0.0,0.0,0.0,0.0
"[4.18428, -2.23085, 3.61362, -0.62073]","[0.0, 6128663.0, 1265059.0, 13774190.0]","[0.0,0.5,0.0,0.5]",998,4843.53,1100.0,0.122309,0.469212,169253.21951103111,15.1613,11438.7479736712,12.64561604439916,1.497,1.497,41.26712300041667,0.0,0.0,0.0,0.0
"[2.15343, -0.218524, 4.85104e-06]","[0.0, 5604974.0, 7584634.0]","[0.0,0.5,1.0]",3499,9868.09,7554.44,0.209353,0.528791,154593.17941367047,13.9797,1327.8271378661184,39.53470264793263,-1.0,1.806,60.888048094872815,0.0,0.0,0.0,0.0
"[1.39807, -0.992366, 3.2546e-05]","[0.0, 95937180.0, 100287200.0]","[0.0,0.5,1.0]",4102,264560.0,62837.1,0.800618,0.393533,108999.4138085733,10.2492,25.48064556482605,398.5390432488707,1.821,1.821,471.2326051845918,397.0149053308038,2.2736294393039915,0.0,0.0
"[1.4405, -0.709422, 0.346782]","[0.0, 1880042.0, 1880708.0]","[0.0,0.5,1.0]",3365,247783.0,5357.38,0.389318,-0.793965,191726.21243617008,16.9597,134.15893515262056,29.20641195394469,-1.0,0.429,46.14894053246908,0.0,0.0,0.0,0.0
[3.98557],[0.0],[0.0],5354,7291.85,1100.0,-0.253993,-0.948841,211469.64864317776,18.5286,6217.975937776338,12.7476488120598,-1.0,0.956,25.449268931396414,0.0,0.0,0.0,0.0
[3.02164],[0.0],[0.0],2758,20055.2,1280.22,0.166213,0.719691,43860.68902389549,4.65679,20906.63681801343,35.48991005273855,-1.0,1.002,61.6916319792154,0.0,0.0,0.0,0.0
[3.31258],[0.0],[0.0],6648,11803.9,3586.45,0.115658,-0.33958,115579.86785650122,10.7939,3342.0181975873284,32.803574717225914,0.738,0.738,59.70412811810799,0.0,0.0,0.0,0.0
"[2.42547, -0.496313, 0.0094166]","[0.0, 3959757.0, 4039804.0]","[0.0,0.5,1.0]",6893,244416.0,45791.3,-0.146371,-0.887222,210838.6238607376,18.4786,14.51912942447493,80.92510489683106,1.768,1.768,126.03211507920805,57.549619649005514,0.0,0.0,0.0
[4.90345],[0.0],[0.0],4420,121222.0,63019.9,0.793346,-0.867206,202771.7966352717,17.8386,19.388158997076,223.0706540047464,-1.0,0.65,493.96174498158797,0.0,0.0,0.0,0.0
"[1.5903, -0.302212, 0.017005]","[0.0, 4290958.0, 4339120.0]","[0.0,0.5,1.0]",2919,187717.0,33022.7,0.952703,0.526456,60942.792184564,6.17204,127.02531297930156,356.3499072241869,-1.0,1.163,492.42309633531664,0.0,0.0,0.0,0.0
[4.09323],[0.0],[0.0],1352,264301.0,18214.6,-0.681413,0.202581,151986.26318998524,13.7688,53.18856012966087,41.058438597024896,1.174,1.174,83.0683346611839,0.0,0.0,0.0,0.0
"[4.34486, 1.09974e-05, -0.153511]","[0.0, 12836080.0, 9944752.0]","[0.0,1.0,0.5]",3018,34564.0,1100.0,-0.292988,-0.789794,178764.24578313163,15.9242,2697.2462719131368,15.210497564802552,-1.0,1.199,32.26053661851015,0.0,0.0,0.0,0.0
"[2.21948, -1.22521, 2.51033, -0.0610411]","[0.0, 308858100.0, 213767800.0, 379312200.0]","[0.0,0.5,0.0,0.5]",2061,4945.42,2876.43,0.062745,-0.627132,214068.14505823428,18.7344,3365.516377784329,17.721097360026878,1.436,1.436,43.465705265256254,0.0,0.0,0.0,0.0
"[2.44652, -0.804334]","[0.0, 75543360.0]","[0.0,0.5]",3713,18265.9,6468.95,-0.272855,0.57918,145515.3245445147,13.2442,1023.943220303217,43.5323960353555,-1.0,1.87,78.48945329940052,0.0,0.0,0.0,0.0
"[2.17513, -1.31475, 0.0121488]","[0.0, 3423841.0, 3690407.0]","[0.0,0.5,1.0]",4616,38703.1,2124.7,0.157223,-0.295554,124607.3387082309,11.5373,2151.019969874054,31.638940637143804,-1.0,0.432,59.208190740991455,0.0,0.0,0.0,0.0
[4.31656],[0.0],[0.0],4994,17476.8,16563.2,-0.139741,-0.233863,135544.5989059376,12.4326,512.6648234885919,64.58416052501342,-1.0,0.72,134.1822005501227,0.0,0.0,0.0,0.0
"[-0.443866, 1.94859, 0.000463126]","[14691100.0, 0.0, 15823110.0]","[0.5,0.0,1.0]",6496,60458.2,6400.98,0.478116,-0.915748,88632.92614344177,8.5457,848.61842761688,75.722865876051,0.905,0.905,117.13617889010499,0.0,0.0,0.0,0.0
[4.37057],[0.0],[0.0],4515,42050.1,3638.13,-0.513975,-0.846987,145687.75624847048,13.2582,968.7717888141824,29.241189342032666,-1.0,1.334,61.131362167506296,0.0,0.0,0.0,0.0
"[2.12498, -2.50818, -3.20509, 5.32048, 2.67886e-06]","[0.0, 2564270.0, 2495609.0, 2368563.0, 8339529.0]","[0.0,0.5,0.5,0.0,1.0]",1382,33874.8,3478.29,-0.697462,0.590191,194389.47731479097,17.1719,785.0636621782546,23.58935660749803,-1.0,1.889,85.57031445299944,0.0,0.0,0.0,0.0
"[-0.658996, 3.11731, 2.0119e-05]","[27245140.0, 0.0, 32841500.0]","[0.5,0.0,1.0]",4513,227780.0,1956.06,-0.226563,-0.847262,91360.53306898824,8.77558,1068.6380232870076,18.62547454434871,0.708,0.708,36.19445926863363,0.0,0.0,0.0,0.0
"[1.42649, -0.159689, 0.00355056]","[0.0, 1824120.0, 1863922.0]","[0.0,0.5,1.0]",8818,129184.0,4926.68,-0.178283,-0.321679,46462.60279290934,4.89107,1454.6895566645194,73.66500010897441,-1.0,0.849,92.88013087791435,0.0,0.0,0.0,0.0
"[2.33286, -0.2763]","[0.0, 26882640.0]","[0.0,0.5]",3857,5374.17,1768.99,-0.489395,0.0979972,48446.61247862038,5.06877,34871.53665255176,25.67830309517964,-1.0,0.957,41.477892025670485,0.0,0.0,0.0,0.0
"[-1.58965, 2.98974, 1.71688e-06]","[4479827.0, 0.0, 9088131.0]","[0.5,0.0,1.0]",1924,27461.2,7719.22,-0.733709,-0.161467,137552.80843817518,12.5964,693.6555597016444,46.361498668298616,-1.0,1.373,99.21135097553594,0.0,0.0,0.0,0.0
[3.13921],[0.0],[0.0],9055,52016.1,4392.98,-0.868684,0.682264,194363.10947242804,17.1698,464.510316931084,22.14997360577177,-1.0,1.573,39.244915437047005,0.0,0.0,0.0,0.0
[4.56645],[0.0],[0.0],3833,327720.0,120630.0,0.486558,0.873619,122561.5353955913,11.3692,10.13093121998186,397.5794475518731,-1.0,0.767,849.5976046269031,0.0,0.0,0.0,0.0
"[-1.30918, 2.27531, 0.00256993]","[1907195.0, 0.0, 2605588.0]","[0.5,0.0,1.0]",1196,26473.7,16537.2,-0.959623,0.00894364,213732.1771017369,18.7078,193.4431013516117,55.80153051718087,-1.0,0.422,105.68550505718594,0.0,0.0,0.0,0.0
"[-2.94543, 2.86105, 0.00120941]","[12321070.0, 0.0, 15077280.0]","[0.5,0.0,1.0]",5079,132908.0,12220.2,-0.149878,0.265038,154468.26450472733,13.9696,123.64415814246526,61.27695823693061,-1.0,0.824,103.64776049531919,105.18666734881465,0.0,0.0,0.0
"[2.10795, -0.75322, -0.846914, 1.98162, 0.00162702]","[108856.6, 420437.7, 373342.4, 0.0, 646476.3]","[0.0,0.5,0.5,0.0,1.0]",8149,148147.0,43097.8,0.0809776,-0.612407,151177.25136296416,13.7033,35.518283178011465,174.25391419720046,-1.0,1.014,415.7090365716606,0.0,0.0,0.0,0.0
"[2.54513, -0.283316, 4.86647e-05]","[0.0, 5785864.0, 7076004.0]","[0.0,0.5,1.0]",833,14838.7,13287.4,0.10108,0.861154,98810.25161404964,9.40056,1081.80992507716,69.04494365691198,-1.0,1.107,116.12067762180482,0.0,0.0,0.0,0.0
"[-0.521714, 11.2164, 1.17872e-05]","[5238002.0, 0.0, 9708664.0]","[0.5,0.0,1.0]",3414,42024.9,16035.1,0.81907,0.750409,131753.5677549758,12.1229,273.5485544412089,108.1230846979702,-1.0,1.302,370.43994153545174,0.0,0.0,0.0,0.0
[3.80754],[0.0],[0.0],1878,208661.0,1100.0,0.676532,-0.887449,174057.44491501778,15.547,836.4168629007364,21.9968249111076,-1.0,0.396,42.92222582944915,0.0,0.0,0.0,0.0
"[1.89127, -0.436982, 0.00040263]","[0.0, 21992070.0, 24047320.0]","[0.0,0.5,1.0]",7145,74677.3,18710.2,0.794253,0.867498,56354.40050110658,5.76986,465.8398424232126,190.5238819401564,-1.0,0.66,290.738109795889,0.0,0.0,0.0,0.0
"[1.86583, -0.310505, 0.00218945]","[0.0, 1590237.0, 1704908.0]","[0.0,0.5,1.0]",6094,31853.9,2561.91,-0.707268,0.0629558,49295.32306488201,5.14455,6720.805070969039,48.02446121078457,-1.0,1.065,70.88326610361516,0.0,0.0,0.0,0.0
"[2.42541, -0.381366]","[0.0, 55623580.0]","[0.0,0.5]",5511,15467.6,14295.2,0.758543,0.865149,164764.84810369706,14.8003,489.6423797201262,64.39060676561803,-1.0,1.582,100.28017876298414,39.76431480979205,0.0,0.0,0.0
"[1.78277, -0.400794, 1.55104e-05]","[0.0, 12312910.0, 15150550.0]","[0.0,0.5,1.0]",2008,97157.2,1100.0,0.398904,0.600463,191603.27139388304,16.9499,1219.3097646777094,17.619295078590035,-1.0,1.687,26.035926340252626,0.0,0.0,0.0,0.0
[4.27538],[0.0],[0.0],4752,45621.1,6311.82,0.56329,-0.599722,33478.608731970446,3.70538,3408.378660913927,113.3601262828828,-1.0,0.25,234.39464292918865,0.0,0.0,0.0,0.0
"[3.50699, -0.231947, 0.0105952]","[0.0, 25277940.0, 25521350.0]","[0.0,0.5,1.0]",204,433738.0,109552.0,-0.0538612,-0.317706,109023.51981697076,10.2512,10.510386802282191,201.0076861490689,-1.0,0.777,376.42627326854745,98.9934182214228,0.0,0.0,0.0
"[1.90705, -0.342103, 0.0342402]","[0.0, 17357730.0, 17437900.0]","[0.0,0.5,1.0]",7315,524535.0,6588.14,0.602989,0.34265,191474.0632236447,16.9396,65.132617548423,22.85980740702582,-1.0,0.847,31.568475319637027,14.023764298461018,0.0,0.0,0.0
"[1.63911, -0.239313, 0.000346777]","[0.0, 5564811.0, 6193270.0]","[0.0,0.5,1.0]",1930,22051.8,3187.88,-0.0250599,0.0837615,137735.59013740855,12.6113,1869.076555027272,33.341747718707104,-1.0,0.861,45.70094113174291,0.0,0.0,0.0,0.0
"[2.45456, -0.539121, 0.000992712]","[0.0, 6372840.0, 7654244.0]","[0.0,0.5,1.0]",66,55072.7,10208.3,0.71592,0.57931,94558.6524466355,9.04438,532.3618632940651,102.05286418038298,-1.0,1.02,176.603763002867,0.0,0.0,0.0,0.0
"[7.5961, -0.0209343, 7.95923e-05]","[0.0, 16520790.0, 17065810.0]","[0.0,0.5,1.0]",4226,59453.4,1708.85,-0.675273,-0.886046,130331.99123529978,12.0066,1873.7426734115847,16.599473656988938,-1.0,1.026,45.81308547069977,0.0,0.0,0.0,0.0
[6.46218],[0.0],[0.0],5351,5723.19,2448.74,-0.401251,0.0706618,130018.00452409797,11.9809,6967.305597664861,20.649575175548016,1.415,1.415,52.49290972744302,0.0,0.0,0.0,0.0
"[-1.61819, 1.93211, 0.000183842]","[3035743.0, 0.0, 3907931.0]","[0.5,0.0,1.0]",1536,71530.1,57700.6,-0.414088,0.721725,194383.1992366993,17.1714,33.88508578339161,177.5961470203432,-1.0,1.704,246.85928319251167,225.92951216524602,0.0,0.0,0.0
"[-0.601718, 1.89888, 0.000224682]","[28881620.0, 0.0, 31947340.0]","[0.5,0.0,1.0]",2702,28673.8,12426.1,0.785933,0.710524,63971.24822142103,6.43586,1188.3734127598657,104.75347017385369,1.838,1.838,165.6570291639466,0.0,0.0,0.0,0.0
"[2.24851, -0.344909]","[0.0, 8522050.0]","[0.0,0.5]",8402,104009.0,2134.52,0.271867,-0.24943,174124.7692806575,15.5524,689.3760893551078,23.5369507225728,-1.0,2.448,37.90413081540294,0.0,0.0,0.0,0.0
"[1.77606, -0.363313, 0.0243715]","[0.0, 35237820.0, 35379170.0]","[0.0,0.5,1.0]",2074,62557.5,41613.6,-0.301155,-0.0392788,183820.66807531848,16.3287,54.127278871557145,135.06665075613935,-1.0,0.728,180.00184121324676,84.09832572821163,0.0,0.0,0.0
"[-0.318463, 1.61541, 0.00026345]","[9071793.0, 0.0, 9677439.0]","[0.5,0.0,1.0]",6539,156774.0,8577.2,0.996344,0.412223,103205.0522962717,9.76742,270.1624725084518,144.67984108017802,1.372,1.372,201.21093437725972,0.0,0.0,0.0,0.0
"[2.13731, -0.542545, 1.92845e-05]","[0.0, 11920030.0, 15978820.0]","[0.0,0.5,1.0]",4231,21041.7,1906.12,-0.541528,0.754558,154120.7656435488,13.9415,2716.8787136747883,22.09024656064189,-1.0,1.491,36.16244398559865,0.0,0.0,0.0,0.0
"[2.21174, -1.24401, 0.00021107]","[0.0, 9312875.0, 12071430.0]","[0.0,0.5,1.0]",6676,36503.6,2974.26,-0.975697,-0.852664,191757.57574467835,16.9622,884.7943826319021,17.576464050718183,-1.0,1.559,32.67502519081357,0.0,0.0,0.0,0.0
"[-3.06994, 2.88592, 4.99257e-05]","[6079010.0, 0.0, 11088980.0]","[0.5,0.0,1.0]",3318,55838.4,24460.4,-0.566479,-0.961923,122340.19211867209,11.351,166.3530863474264,97.49817317261392,-1.0,1.683,237.94168838033997,0.0,0.0,0.0,0.0
"[-2.09912, 2.18029, 1.75779e-05]","[4758703.0, 0.0, 8875984.0]","[0.5,0.0,1.0]",6567,17830.4,1100.0,0.662162,0.15463,77297.5917483332,7.58357,13124.96944861449,25.876100059339603,-1.0,1.734,53.52931210276164,0.0,0.0,0.0,0.0
"[2.23936, -0.316181, 2.40184e-05]","[0.0, 33898470.0, 39280140.0]","[0.0,0.5,1.0]",1978,24849.3,1100.0,0.604612,-0.657351,169164.86674493487,15.1542,3646.725244244307,20.94898374624966,-1.0,1.993,33.489327546719096,0.0,0.0,0.0,0.0
[3.30102],[0.0],[0.0],2394,429648.0,49352.2,0.347992,-0.726947,164650.56902170955,14.7911,12.785686623934806,96.21888959292346,-1.0,1.115,174.81730404637557,0.0,0.0,0.0,0.0
"[3.8603, -0.621747, 0.000201575]","[0.0, 6150510.0, 6567788.0]","[0.0,0.5,1.0]",460,9350.19,7470.18,0.558503,0.832826,137857.04537807248,12.6212,1641.1435905560882,41.31800370552055,2.139,2.139,87.4756743548073,0.0,0.0,0.0,0.0
"[-1.48115, 2.20319, 0.000358519]","[6122695.0, 0.0, 7914884.0]","[0.5,0.0,1.0]",6591,33892.4,32423.2,-0.315591,-0.560579,162395.89682807212,14.6095,131.30798896003088,93.5385576445022,2.442,2.442,179.55257951924654,0.0,0.0,0.0,0.0
[3.46083],[0.0],[0.0],3549,128284.0,3742.19,0.904095,0.155718,213754.91076991148,18.7096,256.2161542751889,59.458390878397374,-1.0,0.62,110.61226491596278,0.0,0.0,0.0,0.0
"[1.61854, 9.16795, -1.21889, -7.54138, 0.00110515]","[0.0, 1634805000.0, 1962820000.0, 1639517000.0, 2060160000.0]","[0.0,0.0,0.5,0.5,1.0]",7052,167090.0,2451.6,-0.0505898,-0.0724152,131485.78961524935,12.101,644.7806812733379,20.24276811478769,-1.0,1.166,25.753224788994874,82.74645907098409,22.348694414533615,0.6729464620590998,0.0
[3.20904],[0.0],[0.0],2909,29431.6,4852.95,0.1283,-0.0516793,137366.36463962158,12.5812,1022.5692875886534,44.317408931974505,1.295,1.295,79.38929150798427,0.0,0.0,0.0,0.0
"[-0.928402, 1.73093, 3.30915e-05]","[5675666.0, 0.0, 8093168.0]","[0.5,0.0,1.0]",6406,142326.0,14019.0,0.645583,-0.054473,210750.2895358421,18.4716,66.53523713639287,94.2451264651074,-1.0,1.669,153.6908042968466,0.0,0.0,0.0,0.0
"[5.10039, -0.976754, 24.1123, -25.244, 8.48963e-06]","[0.0, 4780291.0, 505851.4, 509897.5, 9070341.0]","[0.0,0.5,0.0,0.5,1.0]",4551,56725.3,25668.0,0.534495,-0.641588,145639.72025365927,13.2543,123.94713567935226,121.92743124487728,-1.0,1.896,907.7941677718838,0.0,0.0,0.0,0.0
"[1.79021, -0.30479, 0.000688496]","[0.0, 3794790.0, 4204628.0]","[0.0,0.5,1.0]",8325,43586.8,2967.31,-0.320589,-0.276266,162601.90847479666,14.6261,989.8170395694566,26.25566670593956,-1.0,0.87,38.00899752978663,0.0,0.0,0.0,0.0
"[3.00109, 0.00343737, -0.0971406]","[0.0, 3709359.0, 3615362.0]","[0.0,1.0,0.5]",6234,373827.0,92979.1,0.687154,0.268194,171690.9661580893,15.3571,7.290583225930816,232.35438694850944,-1.0,0.295,402.52270859454535,73.68894002562739,0.0,0.0,0.0
[6.24433],[0.0],[0.0],1520,212092.0,12019.8,0.492302,0.603563,202307.2868666036,17.8017,62.17479876901308,64.16322509934398,-1.0,0.544,160.33528514139076,0.0,0.0,0.0,0.0
[5.14689],[0.0],[0.0],1832,23637.5,1100.0,-0.915204,0.476361,210505.48902532685,18.4522,2768.34029294926,11.600981563102714,0.789,0.789,26.318866421193473,0.0,0.0,0.0,0.0
[3.68007],[0.0],[0.0],19,50120.2,42802.5,-0.372882,-0.702953,202307.2868666036,17.8017,55.19026830068076,114.93369011617852,-1.0,0.912,220.4831426164248,0.0,0.0,0.0,0.0
"[3.46333, 5.66553e-05, -0.140922]","[0.0, 35254960.0, 31894330.0]","[0.0,1.0,0.5]",99,52340.6,32881.0,0.808502,0.473116,137733.13657579862,12.6111,114.53271631533129,160.0379996740833,-1.0,0.995,297.8311043738724,60.08966687372297,0.0,0.0,0.0
"[2.66214, -0.986749]","[0.0, 5967445.0]","[0.0,0.5]",5265,65165.7,28082.0,-0.800262,0.703805,156345.19126130038,14.1213,93.1359866003886,109.03205859825415,-1.0,1.911,208.27375067747184,0.0,0.0,0.0,0.0
"[-1.037, 1.87887, 0.000319373]","[2642469.0, 0.0, 3339082.0]","[0.5,0.0,1.0]",2118,80201.7,27039.1,-0.663358,0.910782,171683.4925262541,15.3565,72.23678688328516,109.02610246963124,-1.0,0.477,186.18228173442745,0.0,0.0,0.0,0.0
"[-0.950479, 7.98314, 1.37549e-05]","[5513378.0, 0.0, 9223407.0]","[0.5,0.0,1.0]",2973,4737.78,1945.04,-0.897264,-0.870987,152209.8750057398,13.7869,7975.05038857731,16.038193670629603,-1.0,1.265,47.936850965744135,0.0,0.0,0.0,0.0
"[1.72018, -0.422553, 2.67195e-05]","[0.0, 24724430.0, 28881060.0]","[0.0,0.5,1.0]",4628,29506.0,7705.26,-0.557658,0.4791,189279.62518523232,16.7646,421.9953457645638,42.241095669326015,-1.0,1.656,61.833226869624546,0.0,0.0,0.0,0.0
"[-0.56031, 9.81689, 0.000738431]","[461872.5, 0.0, 563470.6]","[0.5,0.0,1.0]",9608,16667.6,2163.77,-0.973425,0.504913,152497.7624410709,13.8102,2870.6916268845475,21.67352765016548,-1.0,1.054,69.82085281057002,0.0,0.0,0.0,0.0
"[1.53819, -0.288632, 0.0471918]","[0.0, 9437852.0, 9457707.0]","[0.0,0.5,1.0]",9487,14489.2,1684.27,0.549168,0.143445,68906.87658416748,6.8633,11583.745457257548,30.9444834419585,0.914,0.914,42.361334166078365,0.0,0.0,0.0,0.0
[3.02427],[0.0],[0.0],5034,3119.4,2208.32,0.22355,-0.397302,38815.915180642405,4.19811,56495.92875570786,25.577189911285217,-1.0,1.66,44.47982898728205,0.0,0.0,0.0,0.0
"[-0.552639, 2.14599, 0.000665186]","[10850420.0, 0.0, 13738470.0]","[0.5,0.0,1.0]",4798,61749.7,2354.58,-0.601075,0.361661,178826.6919232788,15.9292,857.1228884872504,15.902035444257448,-1.0,0.517,26.126295028276733,0.0,0.0,0.0,0.0
"[1.37112, -0.166039, 0.00343328]","[0.0, 18953140.0, 19253630.0]","[0.0,0.5,1.0]",1265,26739.3,13503.9,0.290147,-0.301959,109000.61909899735,10.2493,584.057741085573,78.44578149318181,-1.0,0.57,97.36737294381435,0.0,0.0,0.0,0.0
"[2.46256, -0.629444, 0.000810804]","[0.0, 1945806.0, 2464929.0]","[0.0,0.5,1.0]",6553,179078.0,109274.0,0.178271,-0.40857,137955.1966673514,12.6292,15.0654722636229,309.250621995748,-1.0,0.728,485.2929611570175,245.50970482017303,0.0,0.0,0.0
"[-0.904029, 2.45127, 0.000204836]","[5372957.0, 0.0, 6247854.0]","[0.5,0.0,1.0]",1133,23348.8,3810.29,0.812598,0.353762,92904.18786594104,8.90542,2570.431172760896,48.7370523949707,-1.0,1.97,89.27670014216244,0.0,0.0,0.0,0.0
"[-3.18496, 4.73646]","[13485940.0, 0.0]","[0.5,0.0]",8425,18322.7,11712.7,0.505224,-0.904515,202389.1063036158,17.8082,378.4665772947639,50.478641509952766,-1.0,2.662,142.07222396387172,0.0,0.0,0.0,0.0
[3.94942],[0.0],[0.0],5522,45217.0,29708.7,-0.222237,-0.697196,178929.10666225522,15.9374,97.63940771920409,97.52584381882636,1.077,1.077,193.81454999907632,0.0,0.0,0.0,0.0
"[-2.04702, 4.41515, 4.56224, -3.43628, 9.85336e-06]","[3867112.0, 0.0, 38834.67, 1981549.0, 11648090.0]","[0.5,0.0,0.0,0.5,1.0]",6536,19767.8,14527.6,-0.868872,0.71283,199870.0109431925,17.608,300.9310584120317,54.5107309733808,-1.0,1.113,207.2891934945792,0.0,0.0,0.0,0.0
"[2.20763, -1.54515]","[0.0, 12584180.0]","[0.0,0.5]",1961,15574.9,9482.0,0.969176,0.644819,171684.7381300665,15.3566,653.4404897372629,53.44666880880192,-1.0,1.909,103.53738563607054,0.0,0.0,0.0,0.0
[3.09811],[0.0],[0.0],2406,25958.5,11276.3,0.205582,-0.990478,145475.91360885705,13.241,473.8907161855698,60.73399122139937,-1.0,2.523,106.90062371463347,0.0,0.0,0.0,0.0
"[2.51301, 1.27018, -2.57216]","[0.0, 1440516.0, 1439637.0]","[0.0,1.0,0.5]",1895,40494.5,3471.16,-0.987076,0.102211,83815.03446690987,8.13816,2184.9753929542103,37.314195734829696,-1.0,0.612,94.06841398380735,0.0,0.0,0.0,0.0
"[1.91564, -0.216168, 0.0202935]","[0.0, 113156.6, 113936.1]","[0.0,0.5,1.0]",1940,4884.16,2105.83,0.214089,-0.435919,202478.4806398379,17.8153,4854.4407744981545,15.944221780407862,-1.0,0.705,23.390241280448265,0.0,0.0,0.0,0.0
"[6.65784, 0.000686059, -0.00896015]","[0.0, 111905500.0, 111735200.0]","[0.0,1.0,0.5]",5627,76797.9,9663.62,0.458234,0.604703,86083.95630251871,8.33033,500.7936303439873,102.19748111514136,-1.0,1.28,263.69801996205183,10.037337456963838,0.0,0.0,0.0
"[7.77862, -1.07057, 2.53087, -6.52031, 0.00217745]","[1417700.0, 2494307.0, 0.0, 1435116.0, 3449973.0]","[0.0,0.5,0.0,0.5,1.0]",7244,58256.9,1100.0,0.191302,-0.339349,210988.79737282413,18.4905,1498.7561902945497,15.603166099929815,-1.0,0.86,66.01918343953017,0.0,0.0,0.0,0.0
"[-1.04662, 2.26912, 2.47131e-05]","[18304750.0, 0.0, 21372700.0]","[0.5,0.0,1.0]",7347,17468.8,2035.9,0.95023,-0.227263,115667.04940555476,10.8011,4300.655015437845,30.628481866793667,1.193,1.193,55.77214191419814,0.0,0.0,0.0,0.0
"[2.71612, -0.837094, 2.26779e-05]","[0.0, 8494147.0, 10097520.0]","[0.0,0.5,1.0]",1299,117044.0,30212.6,-0.933736,0.912456,151561.3401755954,13.7344,58.59179746466516,113.48700044764736,1.874,1.874,187.03401384473838,103.83388762387824,0.0,0.0,0.0
"[3.20517, -1.43495, 1.2224e-05]","[0.0, 1902919.0, 4495672.0]","[0.0,0.5,1.0]",5292,350204.0,23616.2,0.99062,-0.344666,174043.73090223098,15.5459,28.02769888806491,239.5971570495739,-1.0,2.373,516.1147449812543,0.8376996446651362,0.0,0.0,0.0
"[3.18292, -1.33041, -1.0344, 1.89674]","[16339570.0, 18328360.0, 19300580.0, 0.0]","[0.0,0.5,0.5,0.0]",1642,41111.2,1100.0,-0.00751694,0.307273,169164.86674493487,15.1542,2592.306481575407,17.630022592672226,-1.0,2.904,48.102733996549446,0.0,0.0,0.0,0.0
[3.47678],[0.0],[0.0],3203,194632.0,143545.0,-0.190744,-0.887134,221691.4126755072,19.3373,5.679457910747404,110.30999675513036,0.629,0.629,205.68540547542466,0.0,0.0,0.0,0.0
[4.69936],[0.0],[0.0],8545,28009.1,2448.37,0.594905,-0.685539,129828.66214675667,11.9654,2212.0209245039614,35.181529590805354,-1.0,1.035,76.26654548898466,0.0,0.0,0.0,0.0
[6.08348],[0.0],[0.0],5162,42076.6,1283.4,0.464291,0.435821,122646.67546719842,11.3762,3414.734917909393,27.815981468697053,-1.0,1.105,68.60731617486557,0.0,0.0,0.0,0.0
"[3.92745, -0.0222843, 9.95569e-05]","[0.0, 53688290.0, 54536100.0]","[0.0,0.5,1.0]",1930,22051.8,3187.88,-0.0250599,0.0837615,137735.59013740855,12.6113,1869.076555027272,33.341747718707104,-1.0,1.362,66.26401934722242,0.0,0.0,0.0,0.0
[3.21638],[0.0],[0.0],37,240118.0,53752.9,-0.00843321,0.893701,211373.72550026863,18.521,12.59491579689576,109.92410168017028,2.499,2.499,197.14083951274094,0.0,0.0,0.0,0.0
"[-18.3666, -15.9257, 15.8606, 21.2653]","[375468.1, 450843.4, 0.0, 185911.3]","[0.5,0.5,0.0,0.0]",7593,204972.0,12410.1,0.95163,-0.895372,162498.9004448922,14.6178,84.10351806604035,143.6059540833392,-1.0,0.914,1213.6037137531207,0.0,0.0,0.0,0.0
"[1.78583, -0.467403, 7.81407e-06]","[0.0, 3357690.0, 5426270.0]","[0.0,0.5,1.0]",4713,18925.2,1100.0,-0.571541,0.0262379,130140.17170049454,11.9909,6315.466468170379,18.04784837982404,-1.0,2.381,27.091262127911726,0.0,0.0,0.0,0.0
"[-7.62342, 7.08514, 4.83121, -2.44253, 0.0428202]","[40452.0, 28049.79, 0.0, 147882.4, 200830.0]","[0.5,0.0,0.0,0.5,1.0]",3470,14690.6,5125.41,-0.572702,0.893363,137891.39775611085,12.624,1607.3403872788576,37.01014432661119,-1.0,0.391,173.69204253881648,0.0,0.0,0.0,0.0
"[2.76227, -2.77655, 0.000455856]","[0.0, 979569.5, 2158793.0]","[0.0,0.5,1.0]",5462,10583.4,5901.18,-0.483118,-0.00867777,107459.91763209268,10.1214,2556.082094683169,39.41669470770103,-1.0,1.048,92.76981711248317,0.0,0.0,0.0,0.0
[3.01645],[0.0],[0.0],8819,3451.82,3113.14,-0.332624,0.114266,181449.45229441213,16.1391,5315.727389387451,17.05484532581297,-1.0,1.138,29.6207363469361,0.0,0.0,0.0,0.0
[9.9053],[0.0],[0.0],9975,120402.0,20763.6,-0.293518,-0.0604553,178753.00562853285,15.9233,64.8673930685932,85.51704803019504,-1.0,1.908,269.1451249136367,0.0,0.0,0.0,0.0
"[-0.381064, 2.51218, 1.15546e-05]","[16353650.0, 0.0, 21091730.0]","[0.5,0.0,1.0]",6866,46480.4,1100.0,-0.893414,-0.279727,60918.05602198781,6.16988,9239.990481737976,26.307585873504,-1.0,2.662,44.74807883084297,0.0,0.0,0.0,0.0
[3.28352],[0.0],[0.0],7565,7983.72,1174.43,-0.967082,-0.120659,194277.72943020528,17.163,6179.730947892294,13.12874023708614,-1.0,0.548,23.789914899919484,0.0,0.0,0.0,0.0
"[-3.61773, 2.73182, 5.70202, -1.74363, 0.00734033]","[70417.09, 0.0, 67391.82, 82652.57, 104954.3]","[0.5,0.0,0.0,0.5,1.0]",6482,11643.7,8055.08,0.0237836,-0.970795,154963.01778789467,14.0096,1095.843543734506,39.40394230043105,-1.0,1.044,146.3926211444305,0.0,0.0,0.0,0.0
[3.2016],[0.0],[0.0],2822,5916.14,3802.97,-0.117869,-0.0325702,82624.90455982005,8.03718,8408.23384063502,30.163511222486125,1.326,1.326,53.97161707338199,0.0,0.0,0.0,0.0
"[2.10477, -0.610102, 0.029069]","[0.0, 67087.97, 70095.06]","[0.0,0.5,1.0]",7712,24388.1,16352.9,-0.692195,-0.99625,164381.0405783204,14.7694,302.40283775473983,57.20695190977437,-1.0,1.891,94.7624308792973,0.0,0.0,0.0,0.0
[5.53016],[0.0],[0.0],3604,27995.9,1100.0,0.427005,0.741127,137535.63521956748,12.595,4482.656687314883,22.5622954904342,2.146,2.146,53.05815340142878,0.0,0.0,0.0,0.0
"[2.47788, -0.707119, 0.000917602]","[0.0, 4654385.0, 5750508.0]","[0.0,0.5,1.0]",5632,250658.0,18510.4,0.732767,-0.603919,114034.45430110962,10.6662,80.53025178962066,158.33129927047486,-1.0,0.919,282.6076912600824,0.0,0.0,0.0,0.0
"[3.33554, -0.152074, 0.000295751]","[0.0, 76610660.0, 78395130.0]","[0.0,0.5,1.0]",3258,154245.0,10565.8,0.67983,-0.154138,87517.73023285237,8.45154,276.7138243516667,126.87521309854765,0.447,0.447,231.71804795514225,49.52519151173306,0.0,0.0,0.0
"[1.67, -0.314117, 4.5826e-05]","[0.0, 8410574.0, 10053170.0]","[0.0,0.5,1.0]",8328,239281.0,139506.0,0.0403884,0.729752,85143.49544068935,8.25073,18.458867909382125,526.5193224773776,-1.0,0.717,680.4129164655836,295.09376557908126,3.5642674882036807,0.0,0.0
"[1.48646, -0.291767, 0.00135179]","[0.0, 4825647.0, 5070814.0]","[0.0,0.5,1.0]",878,22462.1,9577.57,0.161397,0.936789,145894.6933100277,13.275,610.8577557900965,59.77293296198929,-1.0,0.876,79.73760314879779,0.0,0.0,0.0,0.0
"[3.88159, -0.813343, -9.11085, 9.16992, 0.00097259]","[0.0, 9194809.0, 1682034.0, 1605156.0, 12017740.0]","[0.0,0.5,0.5,0.0,1.0]",51,158737.0,19264.5,0.875769,0.702944,171526.5512275996,15.3439,60.69881875707779,166.66229216657462,-1.0,0.968,784.5946693165388,150.3951133106009,0.0,0.0,0.0
"[2.61003, -1.22299, 0.000587081]","[0.0, 12179160.0, 14477880.0]","[0.0,0.5,1.0]",5475,7291.34,1140.89,-0.247724,0.722571,154429.9256821652,13.9665,9356.384798254749,14.801157691248596,-1.0,1.853,28.980073652562165,0.0,0.0,0.0,0.0
"[3.73549, -1.21441, 9.09335e-06]","[0.0, 3713931.0, 8180203.0]","[0.0,0.5,1.0]",9516,35518.5,14717.4,-0.0725577,-0.0939572,72684.22234699766,7.18849,737.4906164938785,101.42965504857028,-1.0,0.381,225.66466410331202,0.0,0.0,0.0,0.0
"[2.45819, -0.835116, 6.73119e-05]","[0.0, 5902143.0, 7603778.0]","[0.0,0.5,1.0]",2867,110051.0,10985.4,-0.883536,-0.692873,103816.74313743017,9.81838,268.72017849188865,52.12990123731243,-1.0,1.61,94.6035389863287,0.0,0.0,0.0,0.0
"[2.30506, -2.29218, 0.00046314]","[0.0, 4181262.0, 5762454.0]","[0.0,0.5,1.0]",1473,34326.4,4015.65,0.539799,0.405247,154815.81729344872,13.9977,932.1975924246636,44.23696501634084,-1.0,2.194,94.85402992791953,0.0,0.0,0.0,0.0
"[4.02281, -2.44597, 1.79683]","[52905200.0, 54077670.0, 0.0]","[0.0,0.5,0.0]",4390,34910.7,8858.72,-0.991504,0.863688,173988.8755615591,15.5415,368.8138043879985,43.57985516498471,-1.0,0.697,58.417003699191234,110.84011639931542,0.0,0.0,0.0
"[-1.12465, 2.2971, 0.00103041]","[12789890.0, 0.0, 14463750.0]","[0.5,0.0,1.0]",4526,44753.8,1100.0,0.0179786,-0.627942,171572.63618022186,15.3476,2399.844026506668,17.301238486672805,-1.0,0.83,32.008602373565466,0.0,0.0,0.0,0.0
"[1.69196, -0.856935]","[0.0, 22838700.0]","[0.0,0.5]",1860,54536.7,39768.1,-0.14486,0.905603,181125.69083144315,16.1132,64.17754679503993,145.6847329630893,-1.0,1.324,189.49994490366038,134.86149907584863,0.0,0.0,0.0
"[-0.758416, 2.27967, 2.24191e-05]","[2690376.0, 0.0, 4640154.0]","[0.5,0.0,1.0]",6851,251216.0,1100.0,-0.153766,0.640987,82302.93726528001,8.00984,2036.5616014478771,14.97080581779003,-1.0,1.408,26.09436971753323,0.0,0.0,0.0,0.0
"[3.17256, -0.179811, 0.000409122]","[0.0, 5939013.0, 6460783.0]","[0.0,0.5,1.0]",6998,116977.0,23071.8,0.71229,0.861205,153950.12763160106,13.9277,73.8765058510276,166.0398609185226,-1.0,1.651,304.02892045703317,0.0,0.0,0.0,0.0
"[1.61174, -1.30353, 0.000257094]","[0.0, 2962208.0, 3661398.0]","[0.0,0.5,1.0]",1997,189865.0,43291.7,0.562951,-0.418834,171525.3056997023,15.3438,24.689803063784357,200.56033051852395,-1.0,1.764,254.62000880222573,229.0067985667289,0.0,0.0,0.0
"[-2.90852, 3.39753, 0.00193603]","[2243772.0, 0.0, 3054332.0]","[0.5,0.0,1.0]",4455,158747.0,14900.4,-0.127041,-0.825182,135893.858658577,12.4611,107.57805963753032,72.30200960317417,2.911,2.911,181.59158942303074,0.0,0.0,0.0,0.0
"[3.27918, -0.350997, 0.0295652]","[0.0, 7279501.0, 7371427.0]","[0.0,0.5,1.0]",5885,34574.2,5101.0,0.565277,0.840463,154432.39913477862,13.9667,739.4858526607316,51.06349666997523,-1.0,1.457,97.68678070650037,0.0,0.0,0.0,0.0
"[5.05017, -0.316322, 0.000380897]","[0.0, 46968340.0, 50331840.0]","[0.0,0.5,1.0]",5439,12553.1,1100.0,-0.0905877,0.26559,189428.7960634725,16.7765,4968.608531779053,15.390424235172066,-1.0,0.621,35.654245153382774,0.0,0.0,0.0,0.0
"[1.57035, -0.357162, 0.136364]","[0.0, 2290271.0, 2291094.0]","[0.0,0.5,1.0]",1834,110946.0,1953.94,-0.516037,-0.682274,153859.86787730374,13.9204,856.8024203598247,13.216817917351696,-1.0,0.891,18.9875402442159,0.0,0.0,0.0,0.0
"[1.66774, -0.550807, 0.00644575]","[0.0, 3260278.0, 3328135.0]","[0.0,0.5,1.0]",6040,12928.4,5736.91,0.472297,0.0361121,172928.14763037275,15.4564,1167.550367239277,37.19286968655755,-1.0,2.816,55.47840780015687,0.0,0.0,0.0,0.0
[3.06262],[0.0],[0.0],2920,106633.0,15802.7,0.597052,0.818372,68677.37600727321,6.84349,330.7705794443928,167.0700142187673,0.272,0.272,292.37825294150497,0.0,0.0,0.0,0.0
[5.61105],[0.0],[0.0],6499,7160.6,1100.0,0.843708,0.231622,49326.82371052629,5.14736,43240.716975639385,23.00955789016248,-1.0,0.614,54.50424692965822,0.0,0.0,0.0,0.0
"[2.66163, -0.38827, 2.46868e-05]","[0.0, 6043261.0, 8042136.0]","[0.0,0.5,1.0]",337,28112.8,2264.42,-0.706012,-0.591305,124319.96957318312,11.5137,2525.745167165304,25.641251974291983,-1.0,0.804,44.77996853629811,0.0,0.0,0.0,0.0
"[4.50639, -0.900417, 0.00435958]","[0.0, 10469730.0, 11709370.0]","[0.0,0.5,1.0]",2756,103656.0,51939.4,-0.202857,-0.44316,82316.59567564064,8.011,88.97889919293836,222.47056663804497,-1.0,0.918,472.26629123719704,211.6134346469548,0.0,0.0,0.0
[3.93912],[0.0],[0.0],37,240118.0,53752.9,-0.00843321,0.893701,211373.72550026863,18.521,12.59491579689576,109.92410168017028,-1.0,0.735,218.1687436866325,0.0,0.0,0.0,0.0
"[2.58501, -3.77285]","[0.0, 409930900.0]","[0.0,0.5]",9885,47179.8,31583.2,0.318105,0.713597,173894.12810623247,15.5339,93.17056983954156,131.9372648814943,-1.0,1.676,212.12828970676546,256.2726420009317,0.0,0.0,0.0
[3.55442],[0.0],[0.0],7147,90242.5,53975.4,0.315017,0.597797,181305.6925901672,16.1276,32.86621380558276,209.12151025841985,-1.0,1.68,394.26032779124466,0.0,0.0,0.0,0.0
"[7.34857, -0.917276, 0.000737345]","[0.0, 2193361.0, 2815769.0]","[0.0,0.5,1.0]",2305,293555.0,25754.1,-0.41979,0.742452,137507.42241086232,12.5927,40.50411606462446,65.13253631244503,1.714,1.714,187.2668971385118,0.0,0.0,0.0,0.0
"[1.51235, -0.450489, 0.000504211]","[0.0, 5045918.0, 5720105.0]","[0.0,0.5,1.0]",2455,9740.36,3964.73,0.982392,-0.757433,143652.75560061383,13.0929,2619.489744294752,31.00686572194302,-1.0,0.869,43.44661855622829,0.0,0.0,0.0,0.0
"[-0.704943, 1.95896, 1.3823e-05]","[6038733.0, 0.0, 10160690.0]","[0.5,0.0,1.0]",9415,8757.55,1261.27,-0.532947,-0.813053,43761.06039912549,4.64779,37872.978716679376,26.823687718832872,-1.0,1.108,43.78030820971002,0.0,0.0,0.0,0.0
"[4.08344, -12.8851, 0.00038595]","[0.0, 83547000.0, 96944600.0]","[0.0,0.5,1.0]",9565,56698.8,10159.1,0.589103,-0.199784,154131.8946628072,13.9424,270.1565071465564,79.33601774791362,-1.0,1.161,160.31844312532,284.7874180835016,0.0,0.0,0.0
"[3.98019, -0.313541, 0.000319218]","[0.0, 7261045.0, 8182090.0]","[0.0,0.5,1.0]",4058,423368.0,10197.5,0.809829,-0.467464,154390.35081203634,13.9633,66.65384134195793,79.27520801230992,1.195,1.195,158.15731824865756,44.41253127128708,0.0,0.0,0.0
"[1.70078, -0.185047, 0.00367654]","[0.0, 5025404.0, 5136663.0]","[0.0,0.5,1.0]",54,81851.1,2946.88,0.670714,0.45379,137529.50196473065,12.5945,817.5016913453577,48.61682655212131,-1.0,2.064,66.82830744957872,0.0,0.0,0.0,0.0
[3.64222],[0.0],[0.0],3208,84524.1,38856.8,-0.682109,-0.0285808,174121.02899322682,15.5521,48.99341313934121,132.74269609350486,0.763,0.763,253.334140685264,0.0,0.0,0.0,0.0
"[2.05581, -0.261575, 0.0330132]","[0.0, 291011.3, 292245.0]","[0.0,0.5,1.0]",8545,28009.1,2448.37,0.594905,-0.685539,129828.66214675667,11.9654,2212.0209245039614,35.181529590805354,-1.0,0.82,53.936832733273945,0.0,0.0,0.0,0.0
[3.13588],[0.0],[0.0],2042,156212.0,110250.0,0.727014,0.818433,145959.9813251199,13.2803,15.427609110522573,426.0486657586617,1.453,1.453,754.4647042832554,0.0,0.0,0.0,0.0
"[-0.346656, 1.96525, 0.000616419]","[10812080.0, 0.0, 12162170.0]","[0.5,0.0,1.0]",7406,6856.91,1100.0,0.783759,-0.80898,98890.7325910211,9.40729,18544.27117460897,17.31784821746991,-1.0,0.634,26.335217215777018,0.0,0.0,0.0,0.0
[5.21347],[0.0],[0.0],9568,15478.9,13312.0,0.036713,0.589143,77506.50875134415,7.60141,1431.7395795036962,75.73349088562026,-1.0,0.824,172.92246398970292,0.0,0.0,0.0,0.0
"[2.08829, -1.29055, -0.66217, 1.98289, 0.000178751]","[108167.4, 866598.9, 1719747.0, 0.0, 3416656.0]","[0.0,0.5,0.5,0.0,1.0]",915,57002.3,33426.6,0.991207,-0.222443,146254.41889177935,13.3042,97.13034490155027,158.07646608437915,-1.0,0.781,387.9828587460737,0.0,0.0,0.0,0.0
[3.77108],[0.0],[0.0],8829,39202.0,12845.1,0.619456,0.539019,181169.4401951458,16.1167,226.68286311643703,81.02549678382371,-1.0,0.817,157.34559001826537,0.0,0.0,0.0,0.0
[3.861],[0.0],[0.0],2479,309957.0,190047.0,-0.831187,0.719835,72623.20939090024,7.18325,14.067759515568223,515.6881704178913,-1.0,0.928,1013.2977303091448,0.0,0.0,0.0,0.0
"[-0.617596, 2.91563, 0.00179652]","[3655047.0, 0.0, 4228035.0]","[0.5,0.0,1.0]",9948,110171.0,58378.7,-0.800861,0.660097,72766.43423592037,7.19555,89.59703515812926,250.71563391500047,-1.0,1.619,471.3868993731179,0.0,0.0,0.0,0.0
"[1.65735, -0.321249, 0.00062712]","[0.0, 3811657.0, 4083755.0]","[0.0,0.5,1.0]",1921,40503.7,17993.2,0.275911,0.250293,100468.062433294,9.5391,365.4342187593738,108.16196641837328,-1.0,0.928,152.16763160663317,0.0,0.0,0.0,0.0
[9.84541],[0.0],[0.0],9426,298175.0,35475.5,-0.591147,-0.721378,153915.50701963023,13.9249,25.114132085397717,63.01465482704049,1.172,1.172,197.72357986544364,0.0,0.0,0.0,0.0
"[-0.512633, 12.2711, 8.64517e-05]","[1484929.0, 0.0, 2493784.0]","[0.5,0.0,1.0]",3163,95858.4,12208.7,-0.408802,-0.182603,131844.05890558063,12.1303,193.5560929578358,62.97046647640046,-1.0,1.445,225.14754961757515,0.0,0.0,0.0,0.0
"[4.83532, 4.55779e-05, -0.0133699]","[0.0, 85433060.0, 84101110.0]","[0.0,1.0,0.5]",4551,56725.3,25668.0,0.534495,-0.641588,145639.72025365927,13.2543,123.94713567935226,121.92743124487728,-1.0,1.657,268.1106309241437,14.122269606796682,0.0,0.0,0.0
"[1.47842, -0.148786, 0.0716694]","[0.0, 21239140.0, 21241160.0]","[0.0,0.5,1.0]",2044,90934.0,76172.3,-0.094583,-0.0413768,191426.3955817583,16.9358,22.47234285985568,204.891982613329,-1.0,0.662,249.12876745425183,96.20227346889322,0.0,0.0,0.0
"[4.29088, 3.52099e-05, -0.183901]","[0.0, 16731030.0, 13065230.0]","[0.0,1.0,0.5]",2394,429648.0,49352.2,0.347992,-0.726947,164650.56902170955,14.7911,12.785686623934806,96.21888959292346,-1.0,0.735,199.31203584062138,41.262200596555445,0.5709429786676639,0.0,0.0
[4.44764],[0.0],[0.0],422,95512.3,24154.3,-0.284937,-0.140993,89079.64899117492,8.58339,171.69520933781033,131.7102269689167,0.968,0.968,277.76934316898553,0.0,0.0,0.0,0.0
"[4.95904, -1.13944, 0.000199541]","[0.0, 4919049.0, 8216009.0]","[0.0,0.5,1.0]",6136,29932.7,28512.9,-0.388377,-0.892175,171486.69463157433,15.3407,150.1902768739823,79.13524634876471,-1.0,0.981,195.42848508850219,0.0,0.0,0.0,0.0
"[2.5154, -0.432396, 0.00232717]","[0.0, 8074661.0, 8401610.0]","[0.0,0.5,1.0]",9039,103056.0,11766.9,-0.564815,0.590038,129978.9128164331,11.9777,194.35896445698256,58.64261961385612,1.313,1.313,100.72410952736631,0.0,0.0,0.0,0.0
"[3.43366, -0.274421, 0.000116517]","[0.0, 24070350.0, 26799430.0]","[0.0,0.5,1.0]",5720,167495.0,27685.6,0.762733,0.0264739,107409.35337470456,10.1172,78.48752305980717,219.7094182283849,-1.0,1.636,407.1245754900741,115.11966704688719,0.0,0.0,0.0
"[-1.23128, 3.18344, 4.68368e-05]","[7328261.0, 0.0, 13636370.0]","[0.5,0.0,1.0]",6631,26958.1,25697.0,0.989429,-0.942227,143949.32314104098,13.117,228.0561466785292,91.66335570603069,-1.0,0.956,192.59705323171707,0.0,0.0,0.0,0.0
"[2.75102, -0.436381, 0.000360911]","[0.0, 1800880.0, 2195019.0]","[0.0,0.5,1.0]",9664,19303.0,8186.27,-0.643933,0.401723,65038.455127862246,6.52854,2295.4659723900595,67.26218359974621,-1.0,0.997,120.09195109437754,0.0,0.0,0.0,0.0
"[1.871, -0.294633, 0.00197391]","[0.0, 10590650.0, 11023000.0]","[0.0,0.5,1.0]",6150,37023.9,23061.9,0.794401,-0.890448,81126.23818877745,7.90984,416.36318666001074,125.47972764614768,-1.0,1.301,184.74122999205656,0.0,0.0,0.0,0.0
"[-0.877653, 1.60742, 2.14548e-05]","[5246480.0, 0.0, 7619712.0]","[0.5,0.0,1.0]",5793,38761.8,6872.9,-0.756153,-0.970897,169172.33305719605,15.1548,451.6021534346248,35.91909765374321,-1.0,0.662,56.62352056210135,0.0,0.0,0.0,0.0
"[4.42995, -6.08922, 7.0317, -1.44264, 0.000767689]","[0.0, 10196480.0, 8618562.0, 25616360.0, 36296830.0]","[0.0,0.5,0.0,0.5,1.0]",6384,88680.9,11358.0,0.559826,0.812906,193913.63515200617,17.134,127.95549041301685,84.91142052044844,-1.0,0.667,355.72585439024374,102.01419659611783,0.0,0.0,0.0
"[3.15372, 0.0439978, -0.142584]","[0.0, 101184800.0, 101159300.0]","[0.0,1.0,0.5]",2757,108999.0,4865.55,0.298274,0.374299,173841.76912669852,15.5297,296.0839928337083,40.07137672680446,-1.0,0.761,71.16162058249958,17.308877445397453,0.0,0.0,0.0
[3.03869],[0.0],[0.0],5,25163.7,4285.74,0.475933,0.762548,104075.2625622188,9.83991,1874.5365574714376,48.851320258418426,1.412,1.412,85.15683343782877,0.0,0.0,0.0,0.0
[3.4438],[0.0],[0.0],3103,49878.8,2399.62,-0.930079,0.184055,103906.43259586908,9.82585,2049.528335674019,24.116964483492925,0.954,0.954,44.75500445087383,0.0,0.0,0.0,0.0
"[1.5827, 0.000481574, -0.198927]","[0.0, 415870.8, 386502.8]","[0.0,1.0,0.5]",5422,75468.6,66080.2,-0.320442,-0.637879,156671.98727810208,14.1477,39.15563551049077,178.96418210424147,-1.0,2.168,238.90937920498172,0.0,0.0,0.0,0.0
"[3.42614, -0.0300455]","[0.0, 36339200.0]","[0.0,0.5]",513,36656.8,1111.87,0.57726,-0.514548,137446.0916602633,12.5877,3698.0085771534,24.81596569907716,-1.0,2.239,46.13491258937505,0.0,0.0,0.0,0.0
"[1.96232, -0.487411, 3.08351e-05]","[0.0, 1094033.0, 1538852.0]","[0.0,0.5,1.0]",7271,130099.0,53290.6,-0.786177,0.61025,103142.65124811056,9.76222,54.279049269867066,211.01076299983484,-1.0,2.375,330.26803316103786,0.0,0.0,0.0,0.0
"[2.47467, -0.417819, 0.0204243]","[0.0, 21017200.0, 21226960.0]","[0.0,0.5,1.0]",2358,11254.5,1215.09,0.816434,0.131375,56390.08501988635,5.773,24308.591435897983,26.645850420524248,1.223,1.223,45.477163057948225,0.0,0.0,0.0,0.0
